Project_ID,Material,Used_Qty,Ordered_Qty,Waste_Qty,Waste_%,Unit_Cost,Waste_Cost,Supplier,Project_Type
PRJ-1000,Concrete,752.7,780.4,27.7,3.55,93.58,2592.17,GreyCrete Co.,Residential
PRJ-1001,Asphalt,151.7,163.3,11.6,7.12,113.31,1314.4,BlackTop Solutions,Commercial
PRJ-1002,Steel,1182.4,1222.2,39.8,3.26,691.7,27529.66,MetalPrime Corp.,Residential
PRJ-1003,Concrete,605.3,643.3,38.0,5.9,113.86,4326.68,MixMaster Inc.,Industrial
PRJ-1004,Concrete,791.7,892.3,100.6,11.27,92.67,9322.6,MixMaster Inc.,Residential
PRJ-1005,Steel,616.6,619.7,3.1,0.5,783.18,2427.86,MetalPrime Corp.,Residential
PRJ-1006,Steel,910.1,939.3,29.2,3.11,857.12,25027.9,IronClad Industries,Industrial
PRJ-1007,Wood,1024.5,1205.2,180.7,14.99,42.32,7647.22,TimberLine Co.,Infrastructure
PRJ-1008,Steel,1195.2,1234.7,39.5,3.2,648.84,25629.18,SteelForge Ltd.,Industrial
PRJ-1009,Asphalt,1255.3,1384.3,129.0,9.32,92.01,11869.29,BlackTop Solutions,Commercial
PRJ-1010,Asphalt,276.1,288.0,11.9,4.13,115.47,1374.09,BlackTop Solutions,Residential
PRJ-1011,Wood,488.2,554.6,66.4,11.97,73.13,4855.83,WoodWorks Supply,Residential
PRJ-1012,Asphalt,554.4,657.8,103.4,15.72,79.24,8193.42,BlackTop Solutions,Infrastructure
PRJ-1013,Wood,1592.0,1940.7,348.7,17.97,78.76,27463.61,WoodWorks Supply,Residential
PRJ-1014,Concrete,1715.1,1882.0,166.9,8.87,135.7,22648.33,GreyCrete Co.,Infrastructure
PRJ-1015,Asphalt,202.4,222.6,20.2,9.09,79.8,1611.96,RoadMix Supply,Commercial
PRJ-1016,Concrete,132.7,138.2,5.5,3.96,99.92,549.56,GreyCrete Co.,Residential
PRJ-1017,Steel,1657.7,1666.0,8.3,0.5,778.38,6460.55,IronClad Industries,Infrastructure
PRJ-1018,Steel,588.2,597.8,9.6,1.61,1001.1,9610.56,SteelForge Ltd.,Residential
PRJ-1019,Asphalt,182.8,195.4,12.6,6.47,119.34,1503.68,RoadMix Supply,Industrial
PRJ-1020,Asphalt,1430.8,1555.9,125.1,8.04,106.45,13316.9,PavePro Inc.,Commercial
PRJ-1021,Asphalt,1412.4,1554.0,141.6,9.11,73.7,10435.92,RoadMix Supply,Commercial
PRJ-1022,Asphalt,743.6,749.0,5.4,0.72,73.18,395.17,RoadMix Supply,Residential
PRJ-1023,Steel,601.9,656.4,54.5,8.3,762.59,41561.15,IronClad Industries,Commercial
PRJ-1024,Wood,1234.6,1472.7,238.1,16.17,63.61,15145.54,WoodWorks Supply,Industrial
PRJ-1025,Steel,266.5,283.2,16.7,5.89,956.62,15975.55,IronClad Industries,Infrastructure
PRJ-1026,Steel,1388.0,1533.5,145.5,9.49,846.9,123223.95,SteelForge Ltd.,Residential
PRJ-1027,Wood,922.9,1069.3,146.4,13.69,61.38,8986.03,TimberLine Co.,Infrastructure
PRJ-1028,Steel,98.9,99.6,0.7,0.74,854.29,598.0,IronClad Industries,Infrastructure
PRJ-1029,Wood,1506.6,1819.8,313.2,17.21,52.46,16430.47,GreenLumber Inc.,Industrial
PRJ-1030,Wood,781.8,850.2,68.4,8.05,43.85,2999.34,WoodWorks Supply,Commercial
PRJ-1031,Steel,570.5,615.0,44.5,7.23,680.61,30287.15,MetalPrime Corp.,Commercial
PRJ-1032,Asphalt,1718.3,1862.9,144.6,7.76,113.57,16422.22,RoadMix Supply,Industrial
PRJ-1033,Wood,1329.5,1617.2,287.7,17.79,49.33,14192.24,TimberLine Co.,Infrastructure
PRJ-1034,Steel,1627.2,1790.5,163.3,9.12,1048.05,171146.57,IronClad Industries,Industrial
PRJ-1035,Concrete,611.8,670.1,58.3,8.7,91.05,5308.21,MixMaster Inc.,Residential
PRJ-1036,Steel,450.9,494.5,43.6,8.82,1030.37,44924.13,MetalPrime Corp.,Industrial
PRJ-1037,Concrete,59.3,63.6,4.3,6.83,113.09,486.29,SolidBase Supply,Industrial
PRJ-1038,Wood,777.4,864.0,86.6,10.02,56.88,4925.81,GreenLumber Inc.,Infrastructure
PRJ-1039,Concrete,1759.5,1888.7,129.2,6.84,102.78,13279.18,GreyCrete Co.,Residential
PRJ-1040,Asphalt,1032.9,1061.6,28.7,2.7,118.59,3403.53,BlackTop Solutions,Infrastructure
PRJ-1041,Asphalt,1716.6,1926.8,210.2,10.91,82.59,17360.42,BlackTop Solutions,Industrial
PRJ-1042,Wood,951.9,1019.6,67.7,6.64,41.84,2832.57,GreenLumber Inc.,Residential
PRJ-1043,Asphalt,1207.4,1238.7,31.3,2.53,95.13,2977.57,RoadMix Supply,Commercial
PRJ-1044,Concrete,135.5,150.4,14.9,9.91,98.18,1462.88,GreyCrete Co.,Infrastructure
PRJ-1045,Steel,318.5,332.5,14.0,4.22,844.73,11826.22,SteelForge Ltd.,Commercial
PRJ-1046,Steel,1828.0,1972.0,144.0,7.3,980.81,141236.64,MetalPrime Corp.,Residential
PRJ-1047,Asphalt,503.2,513.4,10.2,1.98,106.41,1085.38,BlackTop Solutions,Industrial
PRJ-1048,Concrete,662.7,767.2,104.5,13.62,114.47,11962.11,SolidBase Supply,Infrastructure
PRJ-1049,Steel,205.3,226.1,20.8,9.18,1017.65,21167.12,IronClad Industries,Residential
PRJ-1050,Concrete,575.3,675.5,100.2,14.83,85.91,8608.18,GreyCrete Co.,Residential
PRJ-1051,Wood,876.9,1048.6,171.7,16.37,51.32,8811.64,GreenLumber Inc.,Residential
PRJ-1052,Steel,1221.6,1308.1,86.5,6.61,793.37,68626.51,MetalPrime Corp.,Commercial
PRJ-1053,Wood,1737.2,1876.6,139.4,7.43,46.88,6535.07,WoodWorks Supply,Commercial
PRJ-1054,Wood,642.0,715.1,73.1,10.22,73.0,5336.3,GreenLumber Inc.,Commercial
PRJ-1055,Steel,1534.0,1643.6,109.6,6.67,877.6,96184.96,SteelForge Ltd.,Infrastructure
PRJ-1056,Asphalt,1030.2,1082.8,52.6,4.86,114.86,6041.64,RoadMix Supply,Industrial
PRJ-1057,Wood,1607.7,1805.8,198.1,10.97,71.66,14195.85,TimberLine Co.,Residential
PRJ-1058,Steel,647.8,711.1,63.3,8.9,1048.56,66373.85,SteelForge Ltd.,Residential
PRJ-1059,Concrete,1699.2,1779.8,80.6,4.53,127.89,10307.93,GreyCrete Co.,Commercial
PRJ-1060,Steel,1228.0,1302.0,74.0,5.68,604.6,44740.4,IronClad Industries,Residential
PRJ-1061,Concrete,219.7,247.9,28.2,11.39,121.49,3426.02,MixMaster Inc.,Commercial
PRJ-1062,Concrete,54.7,59.9,5.2,8.7,123.05,639.86,MixMaster Inc.,Infrastructure
PRJ-1063,Steel,1303.5,1321.3,17.8,1.35,712.13,12675.91,MetalPrime Corp.,Infrastructure
PRJ-1064,Wood,1320.2,1438.7,118.5,8.24,77.32,9162.42,GreenLumber Inc.,Commercial
PRJ-1065,Steel,1295.6,1316.8,21.2,1.61,1024.61,21721.73,IronClad Industries,Industrial
PRJ-1066,Wood,1230.2,1332.3,102.1,7.66,58.39,5961.62,TimberLine Co.,Industrial
PRJ-1067,Concrete,518.4,567.1,48.7,8.58,98.42,4793.05,GreyCrete Co.,Residential
PRJ-1068,Wood,1628.2,1947.4,319.2,16.39,71.56,22841.95,WoodWorks Supply,Infrastructure
PRJ-1069,Wood,1427.1,1599.9,172.8,10.8,65.13,11254.46,GreenLumber Inc.,Industrial
PRJ-1070,Concrete,1147.2,1175.0,27.8,2.37,124.73,3467.49,MixMaster Inc.,Residential
PRJ-1071,Wood,526.8,597.5,70.7,11.83,41.22,2914.25,TimberLine Co.,Infrastructure
PRJ-1072,Steel,1248.1,1308.7,60.6,4.63,1083.33,65649.8,IronClad Industries,Commercial
PRJ-1073,Wood,1626.2,1929.1,302.9,15.7,82.65,25034.69,WoodWorks Supply,Commercial
PRJ-1074,Steel,573.4,624.2,50.8,8.14,758.46,38529.77,SteelForge Ltd.,Infrastructure
PRJ-1075,Steel,365.4,380.5,15.1,3.97,878.4,13263.84,SteelForge Ltd.,Residential
PRJ-1076,Concrete,1678.2,1875.5,197.3,10.52,90.34,17824.08,GreyCrete Co.,Residential
PRJ-1077,Concrete,1061.3,1249.3,188.0,15.05,139.45,26216.6,MixMaster Inc.,Residential
PRJ-1078,Steel,296.8,323.2,26.4,8.17,970.38,25618.03,SteelForge Ltd.,Industrial
PRJ-1079,Wood,1236.4,1409.2,172.8,12.26,75.12,12980.74,WoodWorks Supply,Commercial
PRJ-1080,Concrete,663.7,751.0,87.3,11.62,129.56,11310.59,SolidBase Supply,Commercial
PRJ-1081,Concrete,1643.7,1740.8,97.1,5.58,135.23,13130.83,SolidBase Supply,Industrial
PRJ-1082,Wood,846.2,1047.1,200.9,19.19,72.5,14565.25,WoodWorks Supply,Infrastructure
PRJ-1083,Wood,1248.0,1418.8,170.8,12.04,79.79,13628.13,TimberLine Co.,Commercial
PRJ-1084,Asphalt,1750.3,1785.5,35.2,1.97,74.7,2629.44,BlackTop Solutions,Commercial
PRJ-1085,Concrete,1154.0,1177.6,23.6,2.0,86.98,2052.73,MixMaster Inc.,Infrastructure
PRJ-1086,Concrete,949.8,957.9,8.1,0.85,117.5,951.75,GreyCrete Co.,Industrial
PRJ-1087,Steel,102.9,109.5,6.6,6.07,618.67,4083.22,MetalPrime Corp.,Residential
PRJ-1088,Concrete,1580.8,1654.1,73.3,4.43,113.72,8335.68,MixMaster Inc.,Commercial
PRJ-1089,Concrete,1448.2,1551.5,103.3,6.66,96.87,10006.67,SolidBase Supply,Commercial
PRJ-1090,Concrete,1042.5,1264.6,222.1,17.56,120.06,26665.33,GreyCrete Co.,Commercial
PRJ-1091,Concrete,1240.6,1465.9,225.3,15.37,138.67,31242.35,SolidBase Supply,Residential
PRJ-1092,Asphalt,954.6,1056.8,102.2,9.67,83.54,8537.79,BlackTop Solutions,Infrastructure
PRJ-1093,Asphalt,871.6,906.0,34.4,3.8,73.92,2542.85,PavePro Inc.,Commercial
PRJ-1094,Wood,91.3,99.4,8.1,8.14,48.66,394.15,GreenLumber Inc.,Commercial
PRJ-1095,Asphalt,313.2,355.1,41.9,11.81,82.51,3457.17,PavePro Inc.,Industrial
PRJ-1096,Concrete,988.9,1121.0,132.1,11.78,100.4,13262.84,SolidBase Supply,Residential
PRJ-1097,Concrete,1662.1,1912.0,249.9,13.07,125.58,31382.44,GreyCrete Co.,Residential
PRJ-1098,Steel,1119.5,1131.0,11.5,1.02,723.87,8324.5,IronClad Industries,Infrastructure
PRJ-1099,Asphalt,651.5,744.1,92.6,12.45,107.89,9990.61,BlackTop Solutions,Residential
PRJ-1100,Asphalt,74.1,78.1,4.0,5.17,74.89,299.56,BlackTop Solutions,Infrastructure
PRJ-1101,Wood,793.2,1008.7,215.5,21.36,63.67,13720.89,GreenLumber Inc.,Infrastructure
PRJ-1102,Concrete,385.8,387.7,1.9,0.5,118.87,225.85,GreyCrete Co.,Infrastructure
PRJ-1103,Concrete,1252.3,1288.4,36.1,2.8,87.49,3158.39,SolidBase Supply,Commercial
PRJ-1104,Concrete,716.3,780.5,64.2,8.23,132.11,8481.46,GreyCrete Co.,Residential
PRJ-1105,Steel,1173.8,1334.5,160.7,12.04,681.47,109512.23,SteelForge Ltd.,Infrastructure
PRJ-1106,Steel,179.4,187.6,8.2,4.39,892.89,7321.7,IronClad Industries,Infrastructure
PRJ-1107,Asphalt,1766.4,1883.4,117.0,6.21,98.77,11556.09,PavePro Inc.,Industrial
PRJ-1108,Concrete,762.2,806.9,44.7,5.54,115.01,5140.95,GreyCrete Co.,Residential
PRJ-1109,Wood,1460.4,1885.9,425.5,22.56,59.31,25236.41,TimberLine Co.,Infrastructure
PRJ-1110,Concrete,1807.9,1924.3,116.4,6.05,102.54,11935.66,MixMaster Inc.,Infrastructure
PRJ-1111,Asphalt,1583.3,1697.5,114.2,6.73,71.16,8126.47,RoadMix Supply,Commercial
PRJ-1112,Wood,1492.6,1638.2,145.6,8.89,74.84,10896.7,GreenLumber Inc.,Industrial
PRJ-1113,Concrete,1192.4,1276.4,84.0,6.58,133.26,11193.84,MixMaster Inc.,Residential
PRJ-1114,Steel,1437.3,1483.4,46.1,3.11,688.72,31749.99,SteelForge Ltd.,Residential
PRJ-1115,Steel,1398.2,1513.7,115.5,7.63,1003.42,115895.01,IronClad Industries,Industrial
PRJ-1116,Concrete,1964.7,1981.5,16.8,0.85,127.7,2145.36,SolidBase Supply,Infrastructure
PRJ-1117,Concrete,692.3,714.6,22.3,3.12,136.19,3037.04,MixMaster Inc.,Infrastructure
PRJ-1118,Steel,1557.4,1723.9,166.5,9.66,977.27,162715.45,SteelForge Ltd.,Residential
PRJ-1119,Wood,226.5,251.1,24.6,9.8,85.13,2094.2,TimberLine Co.,Commercial
PRJ-1120,Steel,999.7,1035.2,35.5,3.43,1047.76,37195.48,SteelForge Ltd.,Commercial
PRJ-1121,Concrete,713.4,808.9,95.5,11.8,85.6,8174.8,GreyCrete Co.,Commercial
PRJ-1122,Asphalt,1723.8,1815.5,91.7,5.05,117.5,10774.75,RoadMix Supply,Industrial
PRJ-1123,Steel,1843.5,1903.7,60.2,3.16,886.72,53380.54,IronClad Industries,Infrastructure
PRJ-1124,Concrete,1271.5,1282.1,10.6,0.83,103.08,1092.65,MixMaster Inc.,Industrial
PRJ-1125,Wood,1228.4,1361.4,133.0,9.77,77.62,10323.46,TimberLine Co.,Commercial
PRJ-1126,Wood,1458.1,1593.6,135.5,8.5,67.48,9143.54,WoodWorks Supply,Infrastructure
PRJ-1127,Steel,865.7,911.0,45.3,4.97,1043.85,47286.4,IronClad Industries,Commercial
PRJ-1128,Steel,684.1,734.3,50.2,6.84,650.56,32658.11,SteelForge Ltd.,Industrial
PRJ-1129,Asphalt,191.0,214.0,23.0,10.75,105.05,2416.15,PavePro Inc.,Residential
PRJ-1130,Asphalt,176.6,191.9,15.3,7.96,74.07,1133.27,RoadMix Supply,Industrial
PRJ-1131,Asphalt,195.9,215.4,19.5,9.05,119.33,2326.93,BlackTop Solutions,Residential
PRJ-1132,Asphalt,701.5,779.8,78.3,10.04,117.36,9189.29,RoadMix Supply,Commercial
PRJ-1133,Asphalt,1887.3,1972.7,85.4,4.33,107.67,9195.02,BlackTop Solutions,Residential
PRJ-1134,Wood,769.5,783.7,14.2,1.81,85.32,1211.54,GreenLumber Inc.,Infrastructure
PRJ-1135,Asphalt,236.1,266.8,30.7,11.5,94.63,2905.14,RoadMix Supply,Industrial
PRJ-1136,Concrete,68.3,72.1,3.8,5.27,91.53,347.81,GreyCrete Co.,Industrial
PRJ-1137,Steel,265.6,279.2,13.6,4.86,924.61,12574.7,IronClad Industries,Infrastructure
PRJ-1138,Wood,1287.2,1504.8,217.6,14.46,58.74,12781.82,GreenLumber Inc.,Residential
PRJ-1139,Steel,575.1,607.1,32.0,5.27,1034.3,33097.6,SteelForge Ltd.,Infrastructure
PRJ-1140,Concrete,445.8,486.0,40.2,8.28,139.61,5612.32,GreyCrete Co.,Infrastructure
PRJ-1141,Asphalt,175.6,193.9,18.3,9.44,97.69,1787.73,RoadMix Supply,Residential
PRJ-1142,Asphalt,1669.1,1940.1,271.0,13.97,104.79,28398.09,RoadMix Supply,Infrastructure
PRJ-1143,Wood,805.0,936.4,131.4,14.03,71.38,9379.33,WoodWorks Supply,Infrastructure
PRJ-1144,Asphalt,1122.7,1189.4,66.7,5.61,101.01,6737.37,BlackTop Solutions,Commercial
PRJ-1145,Wood,491.2,590.9,99.7,16.88,49.41,4926.18,GreenLumber Inc.,Industrial
PRJ-1146,Steel,876.9,954.2,77.3,8.1,638.87,49384.65,SteelForge Ltd.,Infrastructure
PRJ-1147,Concrete,1935.3,1950.1,14.8,0.76,139.24,2060.75,SolidBase Supply,Infrastructure
PRJ-1148,Steel,1404.3,1411.4,7.1,0.5,1006.9,7148.99,MetalPrime Corp.,Industrial
PRJ-1149,Asphalt,1284.5,1385.2,100.7,7.27,78.13,7867.69,PavePro Inc.,Industrial
PRJ-1150,Wood,1539.4,1826.3,286.9,15.71,60.91,17475.08,GreenLumber Inc.,Commercial
PRJ-1151,Wood,1506.6,1868.8,362.2,19.38,83.3,30171.26,GreenLumber Inc.,Commercial
PRJ-1152,Concrete,127.5,138.2,10.7,7.71,129.58,1386.51,GreyCrete Co.,Infrastructure
PRJ-1153,Asphalt,1876.2,1975.2,99.0,5.01,77.52,7674.48,BlackTop Solutions,Residential
PRJ-1154,Asphalt,1121.7,1208.6,86.9,7.19,112.11,9742.36,BlackTop Solutions,Commercial
PRJ-1155,Steel,1604.8,1684.7,79.9,4.74,834.35,66664.57,IronClad Industries,Residential
PRJ-1156,Steel,818.8,858.9,40.1,4.67,1032.36,41397.64,MetalPrime Corp.,Industrial
PRJ-1157,Concrete,1508.0,1635.2,127.2,7.78,139.98,17805.46,SolidBase Supply,Industrial
PRJ-1158,Steel,1803.0,1993.4,190.4,9.55,1072.38,204181.15,SteelForge Ltd.,Industrial
PRJ-1159,Wood,1475.4,1706.8,231.4,13.56,52.37,12118.42,TimberLine Co.,Commercial
PRJ-1160,Concrete,905.1,928.6,23.5,2.53,121.94,2865.59,SolidBase Supply,Residential
PRJ-1161,Steel,1172.4,1255.4,83.0,6.61,779.08,64663.64,MetalPrime Corp.,Commercial
PRJ-1162,Wood,235.5,271.4,35.9,13.21,78.62,2822.46,GreenLumber Inc.,Residential
PRJ-1163,Steel,945.7,1064.3,118.6,11.14,1026.09,121694.27,SteelForge Ltd.,Residential
PRJ-1164,Steel,1035.2,1126.2,91.0,8.08,801.74,72958.34,MetalPrime Corp.,Industrial
PRJ-1165,Asphalt,290.8,311.3,20.5,6.58,71.44,1464.52,RoadMix Supply,Industrial
PRJ-1166,Wood,1226.4,1522.5,296.1,19.45,50.65,14997.47,TimberLine Co.,Industrial
PRJ-1167,Wood,264.1,315.9,51.8,16.39,40.73,2109.81,WoodWorks Supply,Industrial
PRJ-1168,Steel,729.9,733.6,3.7,0.5,818.74,3029.34,MetalPrime Corp.,Infrastructure
PRJ-1169,Wood,1464.6,1813.1,348.5,19.22,57.41,20007.38,WoodWorks Supply,Commercial
PRJ-1170,Wood,951.6,1052.3,100.7,9.57,71.1,7159.77,GreenLumber Inc.,Residential
PRJ-1171,Asphalt,1546.8,1731.6,184.8,10.67,117.48,21710.3,PavePro Inc.,Commercial
PRJ-1172,Asphalt,316.8,336.8,20.0,5.95,82.91,1658.2,RoadMix Supply,Infrastructure
PRJ-1173,Concrete,839.5,945.3,105.8,11.19,138.9,14695.62,MixMaster Inc.,Commercial
PRJ-1174,Steel,926.0,1010.6,84.6,8.37,720.07,60917.92,MetalPrime Corp.,Industrial
PRJ-1175,Steel,196.6,197.9,1.3,0.68,664.44,863.77,IronClad Industries,Commercial
PRJ-1176,Wood,280.2,299.7,19.5,6.49,57.28,1116.96,WoodWorks Supply,Industrial
PRJ-1177,Wood,1539.0,1798.7,259.7,14.44,63.7,16542.89,TimberLine Co.,Industrial
PRJ-1178,Steel,1302.2,1351.7,49.5,3.66,620.43,30711.28,SteelForge Ltd.,Industrial
PRJ-1179,Concrete,356.3,379.4,23.1,6.1,100.32,2317.39,SolidBase Supply,Industrial
PRJ-1180,Concrete,386.3,395.2,8.9,2.26,105.03,934.77,SolidBase Supply,Infrastructure
PRJ-1181,Wood,917.8,1031.7,113.9,11.04,74.52,8487.83,GreenLumber Inc.,Industrial
PRJ-1182,Steel,118.4,126.7,8.3,6.54,640.88,5319.3,IronClad Industries,Industrial
PRJ-1183,Asphalt,1574.3,1753.5,179.2,10.22,116.04,20794.37,PavePro Inc.,Industrial
PRJ-1184,Concrete,149.8,169.1,19.3,11.41,126.15,2434.7,SolidBase Supply,Industrial
PRJ-1185,Wood,373.3,409.8,36.5,8.9,50.47,1842.15,WoodWorks Supply,Commercial
PRJ-1186,Steel,678.8,772.4,93.6,12.12,784.46,73425.46,SteelForge Ltd.,Residential
PRJ-1187,Concrete,887.6,951.9,64.3,6.76,126.11,8108.87,GreyCrete Co.,Residential
PRJ-1188,Wood,101.7,121.5,19.8,16.26,84.76,1678.25,WoodWorks Supply,Commercial
PRJ-1189,Steel,1026.4,1047.8,21.4,2.04,866.06,18533.68,SteelForge Ltd.,Residential
PRJ-1190,Wood,208.2,259.0,50.8,19.62,52.12,2647.7,TimberLine Co.,Infrastructure
PRJ-1191,Wood,572.1,575.0,2.9,0.5,58.86,170.69,WoodWorks Supply,Infrastructure
PRJ-1192,Wood,83.1,89.1,6.0,6.69,56.37,338.22,WoodWorks Supply,Infrastructure
PRJ-1193,Asphalt,273.0,283.5,10.5,3.71,114.53,1202.57,PavePro Inc.,Residential
PRJ-1194,Concrete,1059.9,1207.5,147.6,12.22,112.41,16591.72,SolidBase Supply,Residential
PRJ-1195,Steel,204.2,219.5,15.3,6.96,868.55,13288.82,MetalPrime Corp.,Residential
PRJ-1196,Concrete,1119.8,1194.3,74.5,6.24,92.02,6855.49,MixMaster Inc.,Residential
PRJ-1197,Steel,544.6,603.4,58.8,9.75,781.54,45954.55,MetalPrime Corp.,Residential
PRJ-1198,Steel,1303.0,1309.5,6.5,0.5,1093.26,7106.19,IronClad Industries,Commercial
PRJ-1199,Wood,1025.5,1231.3,205.8,16.71,51.86,10672.79,GreenLumber Inc.,Residential
PRJ-1200,Steel,239.5,248.5,9.0,3.63,680.34,6123.06,MetalPrime Corp.,Industrial
PRJ-1201,Asphalt,398.0,413.8,15.8,3.81,84.25,1331.15,BlackTop Solutions,Infrastructure
PRJ-1202,Concrete,386.2,388.1,1.9,0.5,139.03,264.16,SolidBase Supply,Commercial
PRJ-1203,Concrete,239.7,268.5,28.8,10.74,106.88,3078.14,SolidBase Supply,Residential
PRJ-1204,Wood,1684.5,1940.5,256.0,13.19,52.9,13542.4,GreenLumber Inc.,Industrial
PRJ-1205,Steel,360.9,383.2,22.3,5.82,934.32,20835.34,MetalPrime Corp.,Residential
PRJ-1206,Steel,1655.0,1862.3,207.3,11.13,739.99,153399.93,MetalPrime Corp.,Residential
PRJ-1207,Asphalt,1369.6,1550.5,180.9,11.67,79.35,14354.41,RoadMix Supply,Residential
PRJ-1208,Concrete,619.1,681.2,62.1,9.12,98.33,6106.29,GreyCrete Co.,Infrastructure
PRJ-1209,Wood,272.5,273.9,1.4,0.5,70.53,98.74,TimberLine Co.,Infrastructure
PRJ-1210,Asphalt,600.5,612.8,12.3,2.01,94.06,1156.94,PavePro Inc.,Residential
PRJ-1211,Wood,943.3,1088.5,145.2,13.34,42.59,6184.07,WoodWorks Supply,Residential
PRJ-1212,Asphalt,678.9,706.4,27.5,3.89,104.08,2862.2,RoadMix Supply,Industrial
PRJ-1213,Steel,1420.8,1532.4,111.6,7.28,897.82,100196.71,IronClad Industries,Industrial
PRJ-1214,Asphalt,964.8,969.6,4.8,0.5,116.48,559.1,PavePro Inc.,Industrial
PRJ-1215,Wood,1555.5,1669.7,114.2,6.84,88.25,10078.15,WoodWorks Supply,Infrastructure
PRJ-1216,Steel,276.3,292.4,16.1,5.51,690.62,11118.98,SteelForge Ltd.,Residential
PRJ-1217,Wood,157.3,179.7,22.4,12.45,77.06,1726.14,WoodWorks Supply,Commercial
PRJ-1218,Wood,1036.8,1170.2,133.4,11.4,79.76,10639.98,TimberLine Co.,Infrastructure
PRJ-1219,Wood,387.5,443.2,55.7,12.57,48.18,2683.63,TimberLine Co.,Infrastructure
PRJ-1220,Wood,315.8,370.3,54.5,14.72,66.15,3605.18,WoodWorks Supply,Commercial
PRJ-1221,Asphalt,677.6,749.7,72.1,9.62,113.86,8209.31,PavePro Inc.,Infrastructure
PRJ-1222,Asphalt,773.6,815.3,41.7,5.12,88.85,3705.05,RoadMix Supply,Residential
PRJ-1223,Steel,867.5,952.2,84.7,8.9,750.69,63583.44,IronClad Industries,Residential
PRJ-1224,Wood,1446.0,1507.8,61.8,4.1,84.98,5251.76,GreenLumber Inc.,Industrial
PRJ-1225,Steel,758.3,798.6,40.3,5.05,871.78,35132.73,MetalPrime Corp.,Industrial
PRJ-1226,Wood,1679.8,1817.6,137.8,7.58,86.99,11987.22,TimberLine Co.,Industrial
PRJ-1227,Concrete,1157.4,1274.0,116.6,9.15,103.42,12058.77,MixMaster Inc.,Infrastructure
PRJ-1228,Wood,274.8,321.6,46.8,14.55,66.67,3120.16,WoodWorks Supply,Commercial
PRJ-1229,Asphalt,1607.2,1793.1,185.9,10.37,109.43,20343.04,RoadMix Supply,Industrial
PRJ-1230,Asphalt,338.3,345.8,7.5,2.18,107.2,804.0,RoadMix Supply,Industrial
PRJ-1231,Asphalt,111.8,115.4,3.6,3.14,98.49,354.56,RoadMix Supply,Infrastructure
PRJ-1232,Wood,1379.1,1536.8,157.7,10.26,81.06,12783.16,WoodWorks Supply,Infrastructure
PRJ-1233,Asphalt,242.1,265.7,23.6,8.9,112.32,2650.75,BlackTop Solutions,Commercial
PRJ-1234,Steel,272.1,298.6,26.5,8.86,674.96,17886.44,IronClad Industries,Infrastructure
PRJ-1235,Steel,478.8,497.0,18.2,3.67,961.13,17492.57,IronClad Industries,Commercial
PRJ-1236,Wood,1178.8,1454.1,275.3,18.93,67.14,18483.64,GreenLumber Inc.,Infrastructure
PRJ-1237,Asphalt,489.4,541.0,51.6,9.53,87.28,4503.65,BlackTop Solutions,Residential
PRJ-1238,Asphalt,377.4,404.1,26.7,6.6,90.04,2404.07,PavePro Inc.,Commercial
PRJ-1239,Steel,879.5,950.9,71.4,7.51,1073.64,76657.9,IronClad Industries,Infrastructure
PRJ-1240,Steel,329.7,349.0,19.3,5.54,905.73,17480.59,IronClad Industries,Infrastructure
PRJ-1241,Concrete,69.5,85.3,15.8,18.57,132.97,2100.93,GreyCrete Co.,Infrastructure
PRJ-1242,Steel,1674.3,1867.6,193.3,10.35,1061.25,205139.62,IronClad Industries,Industrial
PRJ-1243,Concrete,1281.0,1429.1,148.1,10.36,93.39,13831.06,SolidBase Supply,Infrastructure
PRJ-1244,Wood,1111.7,1173.8,62.1,5.29,76.82,4770.52,WoodWorks Supply,Industrial
PRJ-1245,Steel,1672.4,1872.0,199.6,10.66,1062.78,212130.89,SteelForge Ltd.,Residential
PRJ-1246,Wood,699.7,929.1,229.4,24.69,59.95,13752.53,TimberLine Co.,Residential
PRJ-1247,Wood,133.9,156.8,22.9,14.62,56.76,1299.8,TimberLine Co.,Industrial
PRJ-1248,Concrete,1431.3,1615.6,184.3,11.41,135.59,24989.24,MixMaster Inc.,Commercial
PRJ-1249,Asphalt,721.8,725.4,3.6,0.5,87.35,314.46,BlackTop Solutions,Residential
PRJ-1250,Concrete,1458.5,1488.1,29.6,1.99,109.88,3252.45,GreyCrete Co.,Industrial
PRJ-1251,Steel,311.0,324.7,13.7,4.22,688.19,9428.2,SteelForge Ltd.,Industrial
PRJ-1252,Wood,858.1,1021.8,163.7,16.02,58.12,9514.24,GreenLumber Inc.,Infrastructure
PRJ-1253,Wood,1049.6,1182.1,132.5,11.21,71.61,9488.33,GreenLumber Inc.,Infrastructure
PRJ-1254,Concrete,72.5,75.5,3.0,3.93,137.86,413.58,MixMaster Inc.,Residential
PRJ-1255,Steel,317.6,339.9,22.3,6.55,807.31,18003.01,MetalPrime Corp.,Infrastructure
PRJ-1256,Concrete,199.1,216.4,17.3,8.0,117.75,2037.08,MixMaster Inc.,Commercial
PRJ-1257,Steel,170.9,180.8,9.9,5.47,974.98,9652.3,IronClad Industries,Residential
PRJ-1258,Concrete,424.7,459.3,34.6,7.54,95.49,3303.95,SolidBase Supply,Industrial
PRJ-1259,Wood,105.8,121.3,15.5,12.78,63.6,985.8,TimberLine Co.,Infrastructure
PRJ-1260,Steel,1045.8,1151.4,105.6,9.17,820.38,86632.13,MetalPrime Corp.,Infrastructure
PRJ-1261,Asphalt,827.3,831.5,4.2,0.5,97.98,411.52,BlackTop Solutions,Industrial
PRJ-1262,Steel,332.0,352.7,20.7,5.87,1073.06,22212.34,MetalPrime Corp.,Infrastructure
PRJ-1263,Steel,745.0,778.0,33.0,4.24,735.37,24267.21,IronClad Industries,Industrial
PRJ-1264,Steel,1254.7,1305.8,51.1,3.91,678.08,34649.89,SteelForge Ltd.,Commercial
PRJ-1265,Steel,1376.8,1446.1,69.3,4.79,929.46,64411.58,IronClad Industries,Residential
PRJ-1266,Steel,99.8,102.8,3.0,2.89,935.95,2807.85,MetalPrime Corp.,Infrastructure
PRJ-1267,Asphalt,85.4,88.4,3.0,3.45,75.21,225.63,BlackTop Solutions,Industrial
PRJ-1268,Wood,1376.4,1609.8,233.4,14.5,51.91,12115.79,GreenLumber Inc.,Infrastructure
PRJ-1269,Wood,227.5,243.9,16.4,6.73,52.16,855.42,GreenLumber Inc.,Infrastructure
PRJ-1270,Wood,1266.3,1458.4,192.1,13.17,59.86,11499.11,TimberLine Co.,Industrial
PRJ-1271,Concrete,1230.9,1352.8,121.9,9.01,96.27,11735.31,GreyCrete Co.,Industrial
PRJ-1272,Asphalt,618.5,621.6,3.1,0.5,114.63,355.35,BlackTop Solutions,Infrastructure
PRJ-1273,Concrete,1396.4,1644.0,247.6,15.06,103.8,25700.88,GreyCrete Co.,Commercial
PRJ-1274,Concrete,482.2,555.9,73.7,13.26,99.74,7350.84,GreyCrete Co.,Infrastructure
PRJ-1275,Concrete,1254.6,1267.1,12.5,0.99,107.52,1344.0,SolidBase Supply,Commercial
PRJ-1276,Wood,1090.1,1126.5,36.4,3.23,87.42,3182.09,TimberLine Co.,Infrastructure
PRJ-1277,Wood,1396.2,1539.0,142.8,9.28,47.01,6713.03,TimberLine Co.,Industrial
PRJ-1278,Wood,1449.5,1743.5,294.0,16.86,79.99,23517.06,WoodWorks Supply,Infrastructure
PRJ-1279,Asphalt,827.4,879.2,51.8,5.89,71.12,3684.02,RoadMix Supply,Infrastructure
PRJ-1280,Concrete,478.5,573.9,95.4,16.62,99.18,9461.77,SolidBase Supply,Commercial
PRJ-1281,Wood,272.3,321.7,49.4,15.36,81.75,4038.45,WoodWorks Supply,Industrial
PRJ-1282,Wood,1860.1,1969.6,109.5,5.56,53.62,5871.39,WoodWorks Supply,Residential
PRJ-1283,Concrete,78.7,85.9,7.2,8.4,135.29,974.09,SolidBase Supply,Infrastructure
PRJ-1284,Asphalt,278.2,279.6,1.4,0.5,97.71,136.79,PavePro Inc.,Residential
PRJ-1285,Concrete,1185.5,1320.3,134.8,10.21,130.64,17610.27,SolidBase Supply,Industrial
PRJ-1286,Concrete,387.0,452.5,65.5,14.48,121.58,7963.49,GreyCrete Co.,Commercial
PRJ-1287,Asphalt,346.9,392.0,45.1,11.5,115.72,5218.97,RoadMix Supply,Industrial
PRJ-1288,Wood,746.0,866.6,120.6,13.92,42.35,5107.41,TimberLine Co.,Residential
PRJ-1289,Asphalt,372.4,374.3,1.9,0.5,106.9,203.11,PavePro Inc.,Commercial
PRJ-1290,Wood,201.3,211.5,10.2,4.83,59.46,606.49,TimberLine Co.,Industrial
PRJ-1291,Concrete,549.7,613.0,63.3,10.32,104.56,6618.65,GreyCrete Co.,Commercial
PRJ-1292,Steel,1354.5,1452.1,97.6,6.72,838.03,81791.73,MetalPrime Corp.,Infrastructure
PRJ-1293,Concrete,1330.9,1344.2,13.3,0.99,136.53,1815.85,MixMaster Inc.,Industrial
PRJ-1294,Steel,1377.7,1478.5,100.8,6.82,625.71,63071.57,SteelForge Ltd.,Residential
PRJ-1295,Concrete,998.4,1017.9,19.5,1.92,117.83,2297.68,SolidBase Supply,Commercial
PRJ-1296,Asphalt,668.3,701.8,33.5,4.77,73.76,2470.96,PavePro Inc.,Infrastructure
PRJ-1297,Wood,1275.8,1470.0,194.2,13.21,64.77,12578.33,TimberLine Co.,Industrial
PRJ-1298,Wood,1333.8,1392.4,58.6,4.21,80.96,4744.26,WoodWorks Supply,Commercial
PRJ-1299,Steel,1547.8,1608.9,61.1,3.8,947.35,57883.08,IronClad Industries,Commercial
PRJ-1300,Asphalt,577.8,580.7,2.9,0.5,74.58,216.28,PavePro Inc.,Industrial
PRJ-1301,Asphalt,1654.9,1838.8,183.9,10.0,76.84,14130.88,PavePro Inc.,Residential
PRJ-1302,Asphalt,1876.7,1903.0,26.3,1.38,97.1,2553.73,BlackTop Solutions,Industrial
PRJ-1303,Wood,1561.7,1752.2,190.5,10.87,76.61,14594.2,WoodWorks Supply,Industrial
PRJ-1304,Asphalt,1452.4,1622.8,170.4,10.5,112.46,19163.18,PavePro Inc.,Industrial
PRJ-1305,Asphalt,484.7,536.9,52.2,9.72,94.47,4931.33,RoadMix Supply,Commercial
PRJ-1306,Steel,445.5,481.4,35.9,7.46,616.97,22149.22,IronClad Industries,Industrial
PRJ-1307,Wood,1231.4,1410.0,178.6,12.67,54.87,9799.78,WoodWorks Supply,Residential
PRJ-1308,Wood,1525.6,1852.6,327.0,17.65,82.23,26889.21,WoodWorks Supply,Industrial
PRJ-1309,Steel,640.2,672.2,32.0,4.76,1014.46,32462.72,IronClad Industries,Industrial
PRJ-1310,Steel,121.2,122.2,1.0,0.78,660.28,660.28,IronClad Industries,Infrastructure
PRJ-1311,Wood,171.1,200.1,29.0,14.51,74.81,2169.49,GreenLumber Inc.,Residential
PRJ-1312,Wood,636.6,712.8,76.2,10.69,55.76,4248.91,GreenLumber Inc.,Residential
PRJ-1313,Steel,1042.5,1102.0,59.5,5.4,995.36,59223.92,MetalPrime Corp.,Industrial
PRJ-1314,Steel,620.6,671.6,51.0,7.6,907.93,46304.43,SteelForge Ltd.,Residential
PRJ-1315,Asphalt,469.0,504.3,35.3,6.99,71.22,2514.07,RoadMix Supply,Infrastructure
PRJ-1316,Wood,1474.7,1746.7,272.0,15.57,79.94,21743.68,WoodWorks Supply,Residential
PRJ-1317,Wood,1751.7,1996.0,244.3,12.24,57.54,14057.02,GreenLumber Inc.,Infrastructure
PRJ-1318,Wood,1399.9,1546.0,146.1,9.45,71.38,10428.62,GreenLumber Inc.,Residential
PRJ-1319,Concrete,1744.9,1753.7,8.8,0.5,139.12,1224.26,GreyCrete Co.,Commercial
PRJ-1320,Asphalt,1540.4,1548.1,7.7,0.5,106.88,822.98,RoadMix Supply,Commercial
PRJ-1321,Concrete,510.6,515.6,5.0,0.97,91.08,455.4,MixMaster Inc.,Industrial
PRJ-1322,Concrete,712.0,741.5,29.5,3.98,97.85,2886.57,MixMaster Inc.,Industrial
PRJ-1323,Asphalt,129.0,132.1,3.1,2.32,70.89,219.76,BlackTop Solutions,Residential
PRJ-1324,Asphalt,1966.2,1976.1,9.9,0.5,103.98,1029.4,PavePro Inc.,Residential
PRJ-1325,Asphalt,467.2,475.6,8.4,1.77,117.5,987.0,PavePro Inc.,Infrastructure
PRJ-1326,Steel,1512.1,1583.4,71.3,4.5,1039.56,74120.63,MetalPrime Corp.,Commercial
PRJ-1327,Wood,1743.3,1892.2,148.9,7.87,63.37,9435.79,TimberLine Co.,Commercial
PRJ-1328,Steel,1140.3,1246.2,105.9,8.5,856.34,90686.41,MetalPrime Corp.,Residential
PRJ-1329,Wood,399.3,499.8,100.5,20.11,48.83,4907.41,WoodWorks Supply,Commercial
PRJ-1330,Steel,447.9,479.9,32.0,6.67,775.06,24801.92,SteelForge Ltd.,Commercial
PRJ-1331,Asphalt,156.6,162.8,6.2,3.82,118.46,734.45,PavePro Inc.,Industrial
PRJ-1332,Concrete,1658.0,1773.4,115.4,6.51,126.7,14621.18,SolidBase Supply,Industrial
PRJ-1333,Steel,1386.4,1407.2,20.8,1.48,676.95,14080.56,SteelForge Ltd.,Residential
PRJ-1334,Asphalt,1583.0,1640.9,57.9,3.53,96.85,5607.61,RoadMix Supply,Infrastructure
PRJ-1335,Wood,1103.9,1206.2,102.3,8.48,69.0,7058.7,WoodWorks Supply,Infrastructure
PRJ-1336,Asphalt,217.6,228.4,10.8,4.73,76.48,825.98,PavePro Inc.,Commercial
PRJ-1337,Wood,1517.1,1783.1,266.0,14.92,87.78,23349.48,TimberLine Co.,Residential
PRJ-1338,Wood,1476.3,1731.1,254.8,14.72,67.54,17209.19,GreenLumber Inc.,Infrastructure
PRJ-1339,Asphalt,198.1,219.6,21.5,9.79,90.42,1944.03,BlackTop Solutions,Infrastructure
PRJ-1340,Wood,649.2,776.7,127.5,16.42,64.79,8260.73,TimberLine Co.,Infrastructure
PRJ-1341,Concrete,199.3,208.0,8.7,4.2,97.11,844.86,SolidBase Supply,Industrial
PRJ-1342,Steel,1375.5,1382.4,6.9,0.5,896.2,6183.78,IronClad Industries,Infrastructure
PRJ-1343,Steel,1618.5,1658.1,39.6,2.39,773.9,30646.44,MetalPrime Corp.,Infrastructure
PRJ-1344,Steel,1365.2,1372.1,6.9,0.5,1039.31,7171.24,MetalPrime Corp.,Residential
PRJ-1345,Concrete,1446.9,1605.0,158.1,9.85,121.21,19163.3,SolidBase Supply,Infrastructure
PRJ-1346,Concrete,1544.2,1708.6,164.4,9.62,131.04,21542.98,GreyCrete Co.,Infrastructure
PRJ-1347,Steel,1309.3,1410.1,100.8,7.15,940.07,94759.06,SteelForge Ltd.,Residential
PRJ-1348,Asphalt,1209.4,1256.3,46.9,3.73,114.04,5348.48,BlackTop Solutions,Industrial
PRJ-1349,Steel,1637.4,1750.1,112.7,6.44,614.62,69267.67,MetalPrime Corp.,Commercial
PRJ-1350,Asphalt,1582.3,1660.3,78.0,4.7,107.18,8360.04,BlackTop Solutions,Infrastructure
PRJ-1351,Asphalt,352.3,363.5,11.2,3.08,110.9,1242.08,PavePro Inc.,Industrial
PRJ-1352,Asphalt,1585.6,1672.7,87.1,5.21,84.35,7346.88,PavePro Inc.,Residential
PRJ-1353,Concrete,1152.6,1253.0,100.4,8.01,138.97,13952.59,MixMaster Inc.,Commercial
PRJ-1354,Wood,1079.8,1282.0,202.2,15.77,67.0,13547.4,TimberLine Co.,Infrastructure
PRJ-1355,Wood,1488.2,1570.7,82.5,5.25,45.35,3741.38,WoodWorks Supply,Residential
PRJ-1356,Concrete,1378.3,1534.0,155.7,10.15,103.8,16161.66,SolidBase Supply,Industrial
PRJ-1357,Asphalt,1204.4,1283.6,79.2,6.17,116.6,9234.72,RoadMix Supply,Industrial
PRJ-1358,Asphalt,233.4,249.9,16.5,6.61,73.39,1210.93,RoadMix Supply,Residential
PRJ-1359,Steel,597.2,636.9,39.7,6.23,954.09,37877.37,IronClad Industries,Industrial
PRJ-1360,Asphalt,180.4,181.3,0.9,0.5,101.05,90.94,RoadMix Supply,Commercial
PRJ-1361,Concrete,122.7,139.2,16.5,11.86,132.93,2193.35,GreyCrete Co.,Industrial
PRJ-1362,Asphalt,1806.5,1948.3,141.8,7.28,71.23,10100.41,BlackTop Solutions,Industrial
PRJ-1363,Steel,89.9,93.1,3.2,3.42,761.81,2437.79,IronClad Industries,Residential
PRJ-1364,Asphalt,917.1,1002.9,85.8,8.56,92.3,7919.34,BlackTop Solutions,Industrial
PRJ-1365,Concrete,511.7,583.6,71.9,12.32,139.84,10054.5,GreyCrete Co.,Commercial
PRJ-1366,Steel,869.6,881.1,11.5,1.31,997.4,11470.1,SteelForge Ltd.,Industrial
PRJ-1367,Asphalt,1327.2,1402.7,75.5,5.38,81.04,6118.52,RoadMix Supply,Industrial
PRJ-1368,Steel,193.0,210.6,17.6,8.37,736.63,12964.69,MetalPrime Corp.,Industrial
PRJ-1369,Concrete,1652.1,1904.2,252.1,13.24,93.31,23523.45,GreyCrete Co.,Industrial
PRJ-1370,Wood,791.0,893.1,102.1,11.43,71.93,7344.05,TimberLine Co.,Infrastructure
PRJ-1371,Asphalt,757.5,825.3,67.8,8.22,83.71,5675.54,PavePro Inc.,Commercial
PRJ-1372,Wood,1644.1,1968.8,324.7,16.49,51.5,16722.05,WoodWorks Supply,Commercial
PRJ-1373,Concrete,432.2,465.6,33.4,7.17,86.71,2896.11,GreyCrete Co.,Infrastructure
PRJ-1374,Asphalt,1197.6,1320.8,123.2,9.33,93.66,11538.91,PavePro Inc.,Residential
PRJ-1375,Asphalt,1845.0,1938.0,93.0,4.8,79.28,7373.04,BlackTop Solutions,Commercial
PRJ-1376,Wood,1472.8,1743.8,271.0,15.54,82.24,22287.04,GreenLumber Inc.,Residential
PRJ-1377,Steel,1424.0,1534.0,110.0,7.17,913.11,100442.1,IronClad Industries,Residential
PRJ-1378,Asphalt,274.2,305.9,31.7,10.37,94.08,2982.34,BlackTop Solutions,Commercial
PRJ-1379,Steel,260.8,278.8,18.0,6.47,662.59,11926.62,MetalPrime Corp.,Residential
PRJ-1380,Steel,1374.0,1386.9,12.9,0.93,845.8,10910.82,IronClad Industries,Commercial
PRJ-1381,Asphalt,166.6,175.2,8.6,4.89,99.1,852.26,RoadMix Supply,Commercial
PRJ-1382,Concrete,543.1,574.5,31.4,5.46,110.04,3455.26,MixMaster Inc.,Infrastructure
PRJ-1383,Steel,66.9,72.7,5.8,7.99,636.22,3690.08,IronClad Industries,Infrastructure
PRJ-1384,Concrete,669.5,815.4,145.9,17.89,101.04,14741.74,MixMaster Inc.,Residential
PRJ-1385,Concrete,1320.6,1405.2,84.6,6.02,132.31,11193.43,MixMaster Inc.,Infrastructure
PRJ-1386,Asphalt,1477.7,1570.7,93.0,5.92,75.25,6998.25,BlackTop Solutions,Residential
PRJ-1387,Asphalt,501.1,522.0,20.9,4.0,119.33,2494.0,BlackTop Solutions,Residential
PRJ-1388,Wood,249.2,327.9,78.7,24.01,75.12,5911.94,GreenLumber Inc.,Residential
PRJ-1389,Concrete,1051.0,1141.3,90.3,7.91,85.54,7724.26,SolidBase Supply,Industrial
PRJ-1390,Asphalt,666.5,686.6,20.1,2.93,87.53,1759.35,PavePro Inc.,Residential
PRJ-1391,Steel,108.8,114.7,5.9,5.11,639.29,3771.81,MetalPrime Corp.,Residential
PRJ-1392,Asphalt,769.0,824.0,55.0,6.68,104.47,5745.85,RoadMix Supply,Industrial
PRJ-1393,Concrete,1550.7,1611.1,60.4,3.75,96.01,5799.0,SolidBase Supply,Residential
PRJ-1394,Wood,326.2,376.6,50.4,13.38,75.32,3796.13,GreenLumber Inc.,Industrial
PRJ-1395,Concrete,106.2,111.6,5.4,4.81,136.49,737.05,GreyCrete Co.,Industrial
PRJ-1396,Wood,119.4,151.3,31.9,21.06,83.55,2665.24,TimberLine Co.,Residential
PRJ-1397,Asphalt,1337.9,1442.5,104.6,7.25,110.09,11515.41,BlackTop Solutions,Commercial
PRJ-1398,Steel,673.9,711.9,38.0,5.34,1008.65,38328.7,MetalPrime Corp.,Infrastructure
PRJ-1399,Asphalt,845.0,932.0,87.0,9.33,102.18,8889.66,RoadMix Supply,Industrial
PRJ-1400,Asphalt,1025.8,1076.5,50.7,4.71,73.02,3702.11,RoadMix Supply,Industrial
PRJ-1401,Wood,462.6,531.9,69.3,13.02,47.98,3325.01,GreenLumber Inc.,Residential
PRJ-1402,Concrete,1682.3,1750.0,67.7,3.87,128.43,8694.71,SolidBase Supply,Commercial
PRJ-1403,Wood,1209.7,1334.5,124.8,9.35,64.91,8100.77,WoodWorks Supply,Commercial
PRJ-1404,Asphalt,1102.1,1133.0,30.9,2.73,119.82,3702.44,PavePro Inc.,Industrial
PRJ-1405,Wood,1643.2,1950.8,307.6,15.77,72.52,22307.15,WoodWorks Supply,Residential
PRJ-1406,Wood,397.4,439.1,41.7,9.49,41.53,1731.8,GreenLumber Inc.,Infrastructure
PRJ-1407,Asphalt,515.3,552.5,37.2,6.74,93.13,3464.44,BlackTop Solutions,Infrastructure
PRJ-1408,Wood,1452.7,1743.1,290.4,16.66,61.27,17792.81,TimberLine Co.,Residential
PRJ-1409,Concrete,641.3,724.6,83.3,11.49,105.41,8780.65,SolidBase Supply,Residential
PRJ-1410,Concrete,1941.3,1975.9,34.6,1.75,124.89,4321.19,MixMaster Inc.,Infrastructure
PRJ-1411,Concrete,839.1,999.0,159.9,16.01,133.04,21273.1,GreyCrete Co.,Infrastructure
PRJ-1412,Concrete,1779.8,1806.4,26.6,1.47,117.58,3127.63,SolidBase Supply,Industrial
PRJ-1413,Wood,1661.9,1829.1,167.2,9.14,50.53,8448.62,WoodWorks Supply,Residential
PRJ-1414,Asphalt,1127.9,1264.8,136.9,10.82,76.58,10483.8,BlackTop Solutions,Infrastructure
PRJ-1415,Steel,1339.9,1445.9,106.0,7.33,1054.52,111779.12,MetalPrime Corp.,Commercial
PRJ-1416,Wood,345.9,400.4,54.5,13.62,64.61,3521.24,TimberLine Co.,Commercial
PRJ-1417,Asphalt,505.6,532.1,26.5,4.98,113.54,3008.81,BlackTop Solutions,Infrastructure
PRJ-1418,Asphalt,913.7,918.3,4.6,0.5,99.65,458.39,PavePro Inc.,Commercial
PRJ-1419,Concrete,335.9,368.9,33.0,8.94,106.51,3514.83,MixMaster Inc.,Infrastructure
PRJ-1420,Steel,1796.4,1940.4,144.0,7.42,762.6,109814.4,MetalPrime Corp.,Infrastructure
PRJ-1421,Asphalt,1532.7,1558.3,25.6,1.64,76.54,1959.42,PavePro Inc.,Infrastructure
PRJ-1422,Concrete,1906.6,1941.2,34.6,1.78,89.04,3080.78,MixMaster Inc.,Commercial
PRJ-1423,Wood,340.5,381.0,40.5,10.64,65.99,2672.59,TimberLine Co.,Residential
PRJ-1424,Concrete,658.0,707.2,49.2,6.96,98.68,4855.06,GreyCrete Co.,Residential
PRJ-1425,Steel,1144.4,1253.4,109.0,8.7,953.39,103919.51,SteelForge Ltd.,Industrial
PRJ-1426,Wood,314.7,375.7,61.0,16.24,63.73,3887.53,TimberLine Co.,Infrastructure
PRJ-1427,Asphalt,1521.7,1696.1,174.4,10.28,110.28,19232.83,RoadMix Supply,Infrastructure
PRJ-1428,Asphalt,1132.5,1191.4,58.9,4.94,75.6,4452.84,BlackTop Solutions,Residential
PRJ-1429,Steel,540.6,576.0,35.4,6.14,628.54,22250.32,MetalPrime Corp.,Commercial
PRJ-1430,Concrete,1004.6,1085.8,81.2,7.48,136.36,11072.43,SolidBase Supply,Residential
PRJ-1431,Wood,621.0,666.5,45.5,6.83,65.36,2973.88,WoodWorks Supply,Industrial
PRJ-1432,Wood,114.5,131.1,16.6,12.7,83.4,1384.44,WoodWorks Supply,Industrial
PRJ-1433,Steel,877.1,936.7,59.6,6.36,857.8,51124.88,SteelForge Ltd.,Residential
PRJ-1434,Wood,926.6,1003.3,76.7,7.64,41.5,3183.05,WoodWorks Supply,Residential
PRJ-1435,Wood,559.3,650.5,91.2,14.02,75.23,6860.98,TimberLine Co.,Infrastructure
PRJ-1436,Steel,417.7,443.6,25.9,5.83,821.88,21286.69,MetalPrime Corp.,Industrial
PRJ-1437,Concrete,1648.8,1742.9,94.1,5.4,94.74,8915.03,MixMaster Inc.,Residential
PRJ-1438,Asphalt,1318.1,1400.6,82.5,5.89,100.89,8323.42,BlackTop Solutions,Commercial
PRJ-1439,Asphalt,1517.5,1744.4,226.9,13.01,98.53,22356.46,PavePro Inc.,Infrastructure
PRJ-1440,Concrete,99.7,109.3,9.6,8.79,122.21,1173.22,SolidBase Supply,Residential
PRJ-1441,Wood,403.5,470.6,67.1,14.25,72.94,4894.27,TimberLine Co.,Commercial
PRJ-1442,Wood,751.4,818.0,66.6,8.14,72.89,4854.47,GreenLumber Inc.,Commercial
PRJ-1443,Asphalt,1858.2,1998.9,140.7,7.04,72.41,10188.09,PavePro Inc.,Residential
PRJ-1444,Concrete,1720.4,1955.5,235.1,12.02,128.03,30099.85,MixMaster Inc.,Industrial
PRJ-1445,Wood,1031.6,1155.7,124.1,10.74,76.92,9545.77,WoodWorks Supply,Residential
PRJ-1446,Wood,1700.0,1763.1,63.1,3.58,73.38,4630.28,GreenLumber Inc.,Industrial
PRJ-1447,Wood,1506.2,1625.3,119.1,7.33,78.11,9302.9,TimberLine Co.,Infrastructure
PRJ-1448,Wood,1309.4,1605.7,296.3,18.45,46.01,13632.76,WoodWorks Supply,Residential
PRJ-1449,Steel,1064.9,1111.8,46.9,4.22,602.88,28275.07,MetalPrime Corp.,Industrial
PRJ-1450,Asphalt,672.5,682.9,10.4,1.53,104.77,1089.61,PavePro Inc.,Residential
PRJ-1451,Concrete,796.1,807.7,11.6,1.43,109.68,1272.29,SolidBase Supply,Commercial
PRJ-1452,Wood,484.8,513.2,28.4,5.53,43.66,1239.94,WoodWorks Supply,Residential
PRJ-1453,Asphalt,1178.9,1226.7,47.8,3.9,103.41,4943.0,BlackTop Solutions,Infrastructure
PRJ-1454,Asphalt,1251.7,1258.0,6.3,0.5,113.17,712.97,BlackTop Solutions,Commercial
PRJ-1455,Concrete,1006.2,1062.2,56.0,5.27,111.36,6236.16,SolidBase Supply,Commercial
PRJ-1456,Asphalt,98.1,100.0,1.9,1.95,89.94,170.89,BlackTop Solutions,Commercial
PRJ-1457,Concrete,1159.2,1181.3,22.1,1.87,114.35,2527.14,SolidBase Supply,Commercial
PRJ-1458,Steel,1148.4,1235.4,87.0,7.04,959.06,83438.22,MetalPrime Corp.,Commercial
PRJ-1459,Steel,1784.5,1913.3,128.8,6.73,609.12,78454.66,IronClad Industries,Residential
PRJ-1460,Wood,385.4,431.8,46.4,10.74,86.35,4006.64,GreenLumber Inc.,Industrial
PRJ-1461,Wood,144.1,167.5,23.4,13.96,86.72,2029.25,GreenLumber Inc.,Infrastructure
PRJ-1462,Asphalt,692.4,735.7,43.3,5.88,82.84,3586.97,PavePro Inc.,Commercial
PRJ-1463,Concrete,580.1,605.5,25.4,4.2,101.9,2588.26,SolidBase Supply,Industrial
PRJ-1464,Asphalt,1607.8,1615.9,8.1,0.5,100.52,814.21,RoadMix Supply,Infrastructure
PRJ-1465,Concrete,1307.8,1446.5,138.7,9.59,99.99,13868.61,GreyCrete Co.,Infrastructure
PRJ-1466,Concrete,792.5,856.4,63.9,7.46,122.46,7825.19,SolidBase Supply,Infrastructure
PRJ-1467,Wood,358.6,403.8,45.2,11.2,66.26,2994.95,TimberLine Co.,Residential
PRJ-1468,Asphalt,1338.6,1432.6,94.0,6.56,82.83,7786.02,BlackTop Solutions,Infrastructure
PRJ-1469,Concrete,1845.8,1927.7,81.9,4.25,111.6,9140.04,SolidBase Supply,Industrial
PRJ-1470,Concrete,1529.6,1621.7,92.1,5.68,119.82,11035.42,GreyCrete Co.,Industrial
PRJ-1471,Steel,1806.3,1905.2,98.9,5.19,900.81,89090.11,MetalPrime Corp.,Infrastructure
PRJ-1472,Wood,1473.1,1647.4,174.3,10.58,50.6,8819.58,TimberLine Co.,Commercial
PRJ-1473,Wood,1067.5,1241.4,173.9,14.01,60.55,10529.65,WoodWorks Supply,Residential
PRJ-1474,Concrete,1571.2,1687.7,116.5,6.9,98.03,11420.5,MixMaster Inc.,Commercial
PRJ-1475,Steel,1458.0,1572.0,114.0,7.25,737.4,84063.6,SteelForge Ltd.,Industrial
PRJ-1476,Steel,1481.1,1654.1,173.0,10.46,647.77,112064.21,SteelForge Ltd.,Infrastructure
PRJ-1477,Asphalt,1227.2,1266.5,39.3,3.1,92.59,3638.79,PavePro Inc.,Industrial
PRJ-1478,Asphalt,1100.3,1193.9,93.6,7.84,113.14,10589.9,RoadMix Supply,Residential
PRJ-1479,Asphalt,456.4,472.6,16.2,3.43,74.79,1211.6,PavePro Inc.,Residential
PRJ-1480,Concrete,83.7,96.1,12.4,12.9,115.07,1426.87,SolidBase Supply,Industrial
PRJ-1481,Asphalt,443.6,502.3,58.7,11.68,89.55,5256.59,PavePro Inc.,Commercial
PRJ-1482,Concrete,1097.2,1209.2,112.0,9.26,92.5,10360.0,SolidBase Supply,Commercial
PRJ-1483,Asphalt,1321.3,1405.5,84.2,5.99,90.22,7596.52,BlackTop Solutions,Industrial
PRJ-1484,Concrete,779.6,885.0,105.4,11.91,139.52,14705.41,GreyCrete Co.,Infrastructure
PRJ-1485,Wood,247.8,300.4,52.6,17.52,45.21,2378.05,TimberLine Co.,Infrastructure
PRJ-1486,Concrete,1440.4,1462.5,22.1,1.51,89.37,1975.08,GreyCrete Co.,Industrial
PRJ-1487,Asphalt,199.7,217.0,17.3,7.97,114.71,1984.48,PavePro Inc.,Residential
PRJ-1488,Asphalt,415.0,424.1,9.1,2.15,87.75,798.52,BlackTop Solutions,Commercial
PRJ-1489,Asphalt,178.9,185.4,6.5,3.51,95.95,623.68,BlackTop Solutions,Industrial
PRJ-1490,Steel,176.1,181.8,5.7,3.13,870.01,4959.06,IronClad Industries,Commercial
PRJ-1491,Concrete,1575.3,1766.2,190.9,10.81,120.8,23060.72,MixMaster Inc.,Infrastructure
PRJ-1492,Concrete,1053.2,1089.3,36.1,3.31,121.82,4397.7,GreyCrete Co.,Infrastructure
PRJ-1493,Steel,1962.7,1988.6,25.9,1.3,930.92,24110.83,IronClad Industries,Industrial
PRJ-1494,Steel,1089.7,1137.7,48.0,4.22,630.07,30243.36,MetalPrime Corp.,Commercial
PRJ-1495,Steel,1029.8,1146.5,116.7,10.18,1078.81,125897.13,IronClad Industries,Industrial
PRJ-1496,Wood,364.2,391.8,27.6,7.05,66.79,1843.4,GreenLumber Inc.,Infrastructure
PRJ-1497,Steel,222.1,238.5,16.4,6.89,825.19,13533.12,MetalPrime Corp.,Industrial
PRJ-1498,Asphalt,1362.9,1524.5,161.6,10.6,109.77,17738.83,BlackTop Solutions,Industrial
PRJ-1499,Steel,1832.7,1858.0,25.3,1.36,717.32,18148.2,SteelForge Ltd.,Infrastructure
