Project_ID,Material,Used_Qty,Unit_Cost,Supplier,Project_Type,Ordered_Qty,Waste_Qty,Waste_%,Waste_Cost
1051,Wood,557,105.42,Supplier D,Residential,663.69,106.69,16.07,11246.8
1092,Steel,901,123.12,Supplier D,Residential,1088.16,187.16,17.2,23042.94
1014,Wood,118,22.74,Supplier D,Infrastructure,136.11,18.11,13.3,411.77
1071,Asphalt,595,152.49,Supplier B,Residential,677.13,82.13,12.13,12524.56
1060,Concrete,823,49.88,Supplier A,Residential,888.42,65.42,7.36,3263.18
1020,Steel,102,180.63,Supplier C,Infrastructure,113.8,11.8,10.37,2130.55
1082,Concrete,499,48.98,Supplier D,Commercial,567.27,68.27,12.03,3343.63
1086,Concrete,254,46.23,Supplier A,Residential,271.2,17.2,6.34,795.2
1074,Steel,175,16.94,Supplier D,Infrastructure,191.47,16.47,8.6,279.03
1074,Wood,796,99.69,Supplier B,Residential,931.04,135.04,14.5,13461.89
1087,Concrete,92,117.32,Supplier A,Residential,110.14,18.14,16.47,2127.74
1099,Asphalt,801,22.48,Supplier B,Commercial,1000.99,199.99,19.98,4495.67
1023,Concrete,932,157.35,Supplier D,Residential,1152.53,220.53,19.13,34700.76
1002,Steel,160,96.12,Supplier D,Infrastructure,188.56,28.56,15.15,2745.39
1021,Steel,810,109.63,Supplier B,Residential,918.74,108.74,11.84,11921.41
1052,Steel,712,93.74,Supplier C,Commercial,838.19,126.19,15.06,11829.21
1001,Wood,232,86.14,Supplier B,Commercial,280.05,48.05,17.16,4139.39
1087,Concrete,897,116.33,Supplier D,Infrastructure,963.08,66.08,6.86,7687.03
1029,Wood,144,39.5,Supplier B,Commercial,163.01,19.01,11.66,750.71
1037,Wood,423,44.57,Supplier C,Residential,515.2,92.2,17.9,4109.23
1001,Steel,961,173.74,Supplier B,Commercial,1082.82,121.82,11.25,21165.47
1063,Steel,569,189.76,Supplier C,Infrastructure,662.53,93.53,14.12,17748.08
1059,Wood,949,80.93,Supplier C,Commercial,1108.01,159.01,14.35,12868.57
1020,Concrete,409,61.44,Supplier B,Commercial,444.54,35.54,7.99,2183.59
1032,Asphalt,949,132.36,Supplier B,Commercial,1065.2,116.2,10.91,15380.53
1075,Wood,745,87.66,Supplier A,Infrastructure,832.09,87.09,10.47,7634.5
1057,Concrete,330,14.82,Supplier D,Commercial,348.23,18.23,5.23,270.15
1021,Steel,244,39.67,Supplier C,Commercial,257.38,13.38,5.2,530.81
1088,Steel,913,146.03,Supplier A,Residential,1110.52,197.52,17.79,28843.54
1048,Concrete,244,135.2,Supplier B,Infrastructure,269.53,25.53,9.47,3451.1
1090,Asphalt,716,15.15,Supplier D,Commercial,825.99,109.99,13.32,1666.33
1058,Steel,142,52.17,Supplier A,Infrastructure,157.58,15.58,9.89,813.01
1041,Steel,721,53.9,Supplier C,Commercial,892.7,171.7,19.23,9254.41
1091,Steel,995,137.66,Supplier A,Commercial,1096.35,101.35,9.24,13951.85
1059,Concrete,110,13.75,Supplier C,Commercial,124.95,14.95,11.97,205.6
1079,Wood,683,29.78,Supplier B,Residential,836.36,153.36,18.34,4567.21
1014,Steel,100,161.98,Supplier D,Residential,121.84,21.84,17.92,3537.43
1061,Wood,452,43.92,Supplier D,Residential,491.42,39.42,8.02,1731.48
1061,Asphalt,838,134.02,Supplier D,Infrastructure,1014.42,176.42,17.39,23644.21
1046,Steel,54,55.25,Supplier B,Infrastructure,61.65,7.65,12.41,422.58
1061,Steel,515,28.89,Supplier C,Residential,590.5,75.5,12.79,2181.07
1050,Asphalt,653,56.2,Supplier B,Infrastructure,703.08,50.08,7.12,2814.64
1054,Steel,731,147.23,Supplier D,Commercial,779.33,48.33,6.2,7116.21
1063,Wood,878,172.58,Supplier B,Commercial,1049.73,171.73,16.36,29636.5
1002,Concrete,583,167.74,Supplier B,Commercial,670.04,87.04,12.99,14599.65
1050,Wood,454,85.46,Supplier B,Residential,516.37,62.37,12.08,5329.8
1006,Concrete,887,136.94,Supplier C,Infrastructure,1060.76,173.76,16.38,23795.35
1020,Concrete,562,48.95,Supplier A,Residential,676.14,114.14,16.88,5587.33
1072,Wood,694,65.7,Supplier A,Infrastructure,750.76,56.76,7.56,3728.9
1038,Wood,282,180.3,Supplier B,Commercial,330.52,48.52,14.68,8747.56
1017,Wood,573,12.47,Supplier A,Residential,617.16,44.16,7.16,550.69
1003,Wood,395,26.25,Supplier A,Infrastructure,474.11,79.11,16.69,2076.6
1088,Asphalt,95,49.5,Supplier B,Infrastructure,112.23,17.23,15.35,852.99
1059,Steel,595,15.04,Supplier B,Commercial,738.59,143.59,19.44,2159.55
1013,Concrete,994,44.47,Supplier D,Residential,1057.41,63.41,6.0,2819.79
1008,Wood,127,120.78,Supplier A,Residential,134.8,7.8,5.79,941.99
1089,Wood,779,90.07,Supplier C,Residential,861.91,82.91,9.62,7468.13
1052,Wood,862,179.61,Supplier B,Commercial,950.22,88.22,9.28,15844.85
1001,Asphalt,972,165.31,Supplier D,Residential,1068.61,96.61,9.04,15971.04
1083,Wood,122,74.95,Supplier C,Commercial,150.21,28.21,18.78,2114.54
1091,Wood,843,59.29,Supplier A,Commercial,927.22,84.22,9.08,4993.61
1059,Wood,298,82.14,Supplier D,Commercial,329.11,31.11,9.45,2555.23
1070,Steel,96,122.16,Supplier B,Infrastructure,115.38,19.38,16.8,2367.52
1043,Asphalt,170,60.93,Supplier C,Residential,193.79,23.79,12.28,1449.6
1007,Wood,263,128.59,Supplier B,Residential,317.0,54.0,17.04,6944.5
1046,Concrete,288,87.79,Supplier A,Commercial,306.17,18.17,5.93,1594.71
1034,Concrete,105,114.89,Supplier C,Commercial,120.49,15.49,12.86,1779.53
1077,Concrete,399,92.86,Supplier A,Residential,421.63,22.63,5.37,2101.64
1080,Asphalt,156,65.95,Supplier A,Commercial,165.75,9.75,5.89,643.33
1035,Asphalt,880,190.21,Supplier D,Residential,1083.53,203.53,18.78,38714.01
1049,Concrete,97,155.09,Supplier B,Infrastructure,104.55,7.55,7.22,1171.14
1003,Wood,622,36.62,Supplier C,Commercial,719.33,97.33,13.53,3564.34
1001,Asphalt,386,175.01,Supplier A,Residential,437.04,51.04,11.68,8931.91
1005,Concrete,75,102.61,Supplier A,Commercial,83.96,8.96,10.67,919.4
1053,Concrete,853,179.96,Supplier C,Residential,1049.16,196.16,18.7,35301.24
1003,Wood,306,161.97,Supplier A,Residential,322.64,16.64,5.16,2694.47
1053,Steel,57,90.79,Supplier D,Commercial,67.42,10.42,15.45,945.78
1092,Asphalt,674,14.27,Supplier D,Infrastructure,837.57,163.57,19.53,2334.08
1062,Wood,916,61.05,Supplier D,Residential,1064.42,148.42,13.94,9061.21
1017,Concrete,302,112.91,Supplier D,Residential,373.68,71.68,19.18,8093.85
1089,Concrete,741,130.36,Supplier A,Residential,785.79,44.79,5.7,5839.43
1043,Wood,768,59.0,Supplier C,Infrastructure,870.73,102.73,11.8,6060.87
1033,Asphalt,352,36.48,Supplier C,Infrastructure,387.92,35.92,9.26,1310.18
1073,Steel,688,168.64,Supplier C,Commercial,822.96,134.96,16.4,22759.82
1061,Steel,105,197.04,Supplier C,Infrastructure,130.86,25.86,19.76,5094.91
1099,Concrete,775,109.88,Supplier B,Commercial,853.51,78.51,9.2,8626.92
1013,Asphalt,575,42.62,Supplier C,Commercial,678.98,103.98,15.31,4431.63
1094,Steel,523,61.74,Supplier B,Infrastructure,569.87,46.87,8.22,2893.82
1047,Asphalt,77,13.49,Supplier B,Commercial,89.56,12.56,14.02,169.38
1014,Asphalt,127,183.72,Supplier D,Infrastructure,145.13,18.13,12.49,3331.56
1071,Concrete,265,32.37,Supplier B,Commercial,329.77,64.77,19.64,2096.48
1077,Steel,435,119.54,Supplier A,Infrastructure,509.69,74.69,14.65,8928.67
1086,Wood,414,62.07,Supplier B,Infrastructure,463.64,49.64,10.71,3081.1
1061,Concrete,715,115.29,Supplier D,Commercial,767.07,52.07,6.79,6002.65
1039,Steel,575,133.77,Supplier B,Residential,621.14,46.14,7.43,6172.6
1084,Steel,748,167.65,Supplier A,Commercial,819.11,71.11,8.68,11921.16
1079,Steel,361,49.22,Supplier A,Infrastructure,397.17,36.17,9.11,1780.28
1081,Steel,932,12.09,Supplier A,Residential,1137.15,205.15,18.04,2480.32
1052,Steel,56,36.01,Supplier D,Commercial,65.09,9.09,13.96,327.18
1023,Asphalt,52,181.0,Supplier D,Commercial,60.04,8.04,13.4,1455.83
1025,Concrete,672,176.04,Supplier C,Commercial,721.02,49.02,6.8,8630.35
1088,Asphalt,968,123.51,Supplier D,Residential,1182.92,214.92,18.17,26545.15
1059,Wood,799,124.1,Supplier A,Infrastructure,954.46,155.46,16.29,19292.06
1040,Steel,412,136.36,Supplier A,Commercial,438.18,26.18,5.97,3569.34
1028,Concrete,800,43.32,Supplier D,Commercial,953.25,153.25,16.08,6638.95
1014,Steel,557,183.74,Supplier B,Commercial,645.4,88.4,13.7,16242.64
1044,Concrete,323,89.57,Supplier D,Commercial,344.43,21.43,6.22,1919.44
1064,Asphalt,555,82.8,Supplier D,Commercial,633.62,78.62,12.41,6509.85
1088,Concrete,855,108.59,Supplier A,Infrastructure,980.63,125.63,12.81,13642.49
1070,Wood,788,18.92,Supplier C,Infrastructure,853.53,65.53,7.68,1239.75
1008,Wood,932,41.59,Supplier A,Commercial,1154.88,222.88,19.3,9269.5
1087,Concrete,64,150.23,Supplier C,Residential,78.08,14.08,18.03,2115.19
1000,Concrete,241,25.73,Supplier A,Infrastructure,285.3,44.3,15.53,1139.76
1007,Concrete,680,124.6,Supplier D,Residential,776.87,96.87,12.47,12070.28
1087,Concrete,534,56.62,Supplier A,Infrastructure,604.68,70.68,11.69,4001.71
1062,Wood,77,83.97,Supplier A,Commercial,90.87,13.87,15.27,1165.08
1010,Steel,763,64.85,Supplier A,Infrastructure,884.38,121.38,13.73,7871.68
1080,Concrete,88,77.58,Supplier D,Commercial,93.5,5.5,5.88,426.38
1007,Concrete,322,146.62,Supplier D,Infrastructure,371.11,49.11,13.23,7199.8
1034,Wood,280,66.45,Supplier D,Commercial,339.16,59.16,17.44,3931.09
1034,Wood,135,117.62,Supplier D,Commercial,154.15,19.15,12.42,2252.36
1032,Asphalt,523,100.45,Supplier C,Commercial,554.58,31.58,5.7,3172.68
1004,Concrete,175,136.1,Supplier C,Commercial,211.27,36.27,17.17,4936.31
1040,Asphalt,861,188.0,Supplier B,Residential,938.72,77.72,8.28,14612.27
1027,Wood,586,149.19,Supplier D,Commercial,645.61,59.61,9.23,8893.27
1006,Wood,194,50.84,Supplier C,Residential,210.09,16.09,7.66,818.05
1072,Steel,574,15.92,Supplier A,Residential,640.61,66.61,10.4,1060.41
1071,Concrete,261,59.83,Supplier D,Commercial,313.55,52.55,16.76,3144.21
1011,Asphalt,74,123.06,Supplier B,Residential,85.39,11.39,13.34,1401.27
1033,Wood,629,19.77,Supplier B,Infrastructure,686.22,57.22,8.34,1131.32
1032,Wood,443,104.31,Supplier B,Commercial,542.93,99.93,18.41,10423.25
1047,Asphalt,116,123.4,Supplier A,Residential,142.21,26.21,18.43,3233.86
1022,Steel,282,73.51,Supplier C,Commercial,345.2,63.2,18.31,4645.88
1061,Wood,158,156.47,Supplier A,Commercial,173.45,15.45,8.91,2416.83
1087,Concrete,195,30.25,Supplier D,Commercial,222.35,27.35,12.3,827.29
1036,Wood,160,24.28,Supplier B,Residential,199.52,39.52,19.81,959.54
1098,Concrete,277,148.36,Supplier A,Infrastructure,333.62,56.62,16.97,8400.07
1043,Asphalt,160,104.14,Supplier A,Infrastructure,168.87,8.87,5.25,923.65
1085,Concrete,519,140.8,Supplier C,Residential,551.72,32.72,5.93,4606.73
1090,Asphalt,83,92.62,Supplier C,Commercial,94.85,11.85,12.49,1097.66
1034,Concrete,672,56.82,Supplier B,Residential,827.8,155.8,18.82,8852.51
1064,Asphalt,825,165.63,Supplier A,Residential,955.14,130.14,13.62,21554.39
1098,Concrete,985,161.89,Supplier A,Residential,1132.32,147.32,13.01,23849.48
1046,Steel,418,141.99,Supplier C,Commercial,447.72,29.72,6.64,4219.6
1077,Concrete,797,61.71,Supplier A,Residential,941.54,144.54,15.35,8919.61
1002,Concrete,644,122.14,Supplier A,Commercial,782.09,138.09,17.66,16865.93
1000,Steel,603,78.59,Supplier A,Residential,679.03,76.03,11.2,5975.09
1004,Wood,474,27.4,Supplier C,Infrastructure,571.23,97.23,17.02,2664.05
1089,Wood,662,184.29,Supplier B,Residential,822.8,160.8,19.54,29633.23
1013,Concrete,567,36.0,Supplier D,Residential,618.46,51.46,8.32,1852.46
1026,Steel,741,190.55,Supplier B,Infrastructure,855.61,114.61,13.39,21838.45
1008,Concrete,331,94.74,Supplier D,Commercial,366.56,35.56,9.7,3368.82
1078,Asphalt,369,45.18,Supplier A,Commercial,445.96,76.96,17.26,3477.17
1014,Asphalt,787,112.96,Supplier B,Residential,917.26,130.26,14.2,14714.53
1089,Concrete,492,175.86,Supplier D,Infrastructure,579.04,87.04,15.03,15307.37
1041,Wood,364,149.12,Supplier C,Commercial,440.29,76.29,17.33,11376.09
1076,Wood,926,163.25,Supplier C,Residential,1045.63,119.63,11.44,19530.21
1050,Concrete,790,135.17,Supplier B,Infrastructure,974.08,184.08,18.9,24882.67
1062,Concrete,426,141.53,Supplier B,Commercial,492.71,66.71,13.54,9442.04
1095,Asphalt,338,171.35,Supplier A,Commercial,365.58,27.58,7.54,4725.45
1051,Wood,486,57.44,Supplier B,Infrastructure,577.94,91.94,15.91,5281.11
1095,Concrete,711,102.99,Supplier A,Infrastructure,859.35,148.35,17.26,15278.75
1003,Asphalt,326,52.03,Supplier A,Infrastructure,362.95,36.95,10.18,1922.66
1093,Wood,759,197.66,Supplier C,Infrastructure,927.07,168.07,18.13,33220.68
1022,Steel,631,189.37,Supplier C,Residential,776.91,145.91,18.78,27630.08
1014,Asphalt,552,17.49,Supplier D,Infrastructure,610.17,58.17,9.53,1017.4
1042,Wood,673,144.06,Supplier C,Commercial,839.03,166.03,19.79,23918.57
1028,Wood,565,185.8,Supplier C,Commercial,609.15,44.15,7.25,8203.14
1035,Asphalt,399,44.31,Supplier B,Residential,435.07,36.07,8.29,1598.3
1012,Steel,892,117.91,Supplier C,Commercial,969.47,77.47,7.99,9133.98
1031,Asphalt,495,183.94,Supplier D,Commercial,608.25,113.25,18.62,20832.12
1070,Wood,879,16.45,Supplier B,Infrastructure,1037.97,158.97,15.32,2615.13
1058,Concrete,399,142.51,Supplier D,Commercial,431.09,32.09,7.44,4572.85
1085,Concrete,656,66.5,Supplier C,Residential,746.57,90.57,12.13,6022.93
1027,Asphalt,713,185.64,Supplier D,Infrastructure,836.39,123.39,14.75,22906.4
1065,Wood,872,194.5,Supplier B,Infrastructure,930.16,58.16,6.25,11311.37
1041,Concrete,186,189.41,Supplier A,Residential,228.13,42.13,18.47,7979.06
1044,Wood,808,100.1,Supplier D,Infrastructure,978.26,170.26,17.4,17043.26
1061,Asphalt,948,173.79,Supplier D,Infrastructure,1091.19,143.19,13.12,24884.5
1056,Concrete,292,170.46,Supplier B,Residential,363.08,71.08,19.58,12116.33
1005,Wood,592,70.63,Supplier B,Infrastructure,671.06,79.06,11.78,5584.21
1027,Concrete,89,167.49,Supplier D,Residential,110.97,21.97,19.8,3679.28
1027,Asphalt,278,17.03,Supplier C,Residential,329.04,51.04,15.51,869.15
1043,Wood,597,123.29,Supplier D,Commercial,702.63,105.63,15.03,13023.09
1083,Concrete,969,53.7,Supplier B,Commercial,1049.61,80.61,7.68,4328.87
1029,Asphalt,272,32.91,Supplier A,Infrastructure,333.58,61.58,18.46,2026.49
1061,Concrete,55,24.62,Supplier A,Infrastructure,62.45,7.45,11.93,183.48
1074,Concrete,371,142.29,Supplier C,Residential,401.59,30.59,7.62,4352.33
1091,Steel,517,74.58,Supplier D,Infrastructure,544.15,27.15,4.99,2025.12
1088,Steel,781,147.71,Supplier A,Residential,907.48,126.48,13.94,18682.93
1061,Asphalt,124,22.42,Supplier D,Residential,143.28,19.28,13.46,432.25
1096,Steel,53,69.91,Supplier B,Infrastructure,63.28,10.28,16.24,718.34
1000,Asphalt,896,112.5,Supplier A,Residential,1100.33,204.33,18.57,22987.6
1026,Steel,695,160.24,Supplier C,Commercial,740.79,45.79,6.18,7336.99
1061,Concrete,167,70.56,Supplier B,Infrastructure,199.78,32.78,16.41,2313.1
1076,Asphalt,930,128.92,Supplier C,Commercial,1011.36,81.36,8.04,10488.75
1002,Asphalt,655,178.34,Supplier B,Infrastructure,800.17,145.17,18.14,25889.83
1069,Concrete,553,127.01,Supplier A,Residential,671.24,118.24,17.61,15017.46
1071,Asphalt,996,54.26,Supplier C,Infrastructure,1153.53,157.53,13.66,8547.37
1026,Asphalt,623,14.64,Supplier C,Commercial,742.65,119.65,16.11,1751.62
1008,Steel,490,175.32,Supplier B,Residential,545.31,55.31,10.14,9696.3
1061,Asphalt,243,14.04,Supplier C,Infrastructure,278.05,35.05,12.61,492.08
1036,Wood,896,176.19,Supplier B,Infrastructure,1088.04,192.04,17.65,33835.06
1096,Concrete,764,110.5,Supplier B,Infrastructure,872.38,108.38,12.42,11975.52
1050,Steel,441,188.42,Supplier B,Commercial,494.61,53.61,10.84,10100.78
1043,Steel,75,161.77,Supplier B,Commercial,86.16,11.16,12.96,1805.87
1023,Wood,484,199.61,Supplier A,Infrastructure,588.37,104.37,17.74,20834.2
1078,Concrete,222,76.64,Supplier B,Residential,247.98,25.98,10.48,1991.36
1058,Concrete,349,155.77,Supplier D,Residential,378.58,29.58,7.81,4607.45
1031,Steel,694,86.37,Supplier C,Commercial,827.53,133.53,16.14,11532.77
1095,Asphalt,375,101.18,Supplier D,Residential,455.7,80.7,17.71,8165.06
1087,Steel,459,129.23,Supplier A,Commercial,491.19,32.19,6.55,4159.72
1051,Concrete,167,176.0,Supplier D,Infrastructure,183.36,16.36,8.92,2879.68
1061,Wood,885,196.98,Supplier C,Commercial,954.38,69.38,7.27,13666.28
1057,Steel,836,155.97,Supplier D,Commercial,935.98,99.98,10.68,15593.23
1051,Concrete,773,89.38,Supplier A,Infrastructure,881.27,108.27,12.29,9677.55
1011,Steel,274,90.06,Supplier B,Residential,328.74,54.74,16.65,4929.5
1038,Asphalt,581,150.14,Supplier D,Commercial,685.71,104.71,15.27,15721.66
1001,Steel,162,55.37,Supplier A,Commercial,190.22,28.22,14.83,1562.44
1002,Steel,189,30.99,Supplier A,Infrastructure,211.77,22.77,10.75,705.64
1055,Concrete,608,77.38,Supplier C,Residential,740.72,132.72,17.92,10269.88
1080,Concrete,50,64.58,Supplier C,Commercial,57.21,7.21,12.61,465.81
1058,Concrete,139,66.3,Supplier D,Infrastructure,173.17,34.17,19.73,2265.41
1001,Steel,703,54.39,Supplier B,Commercial,827.31,124.31,15.03,6761.24
1001,Asphalt,369,18.0,Supplier A,Infrastructure,396.77,27.77,7.0,499.83
1091,Wood,599,13.4,Supplier D,Residential,709.96,110.96,15.63,1486.81
1053,Wood,854,197.67,Supplier A,Residential,952.23,98.23,10.32,19416.68
1086,Concrete,943,91.28,Supplier A,Residential,1119.59,176.59,15.77,16119.25
1095,Concrete,188,83.02,Supplier B,Residential,200.02,12.02,6.01,997.78
1096,Steel,560,139.13,Supplier B,Commercial,607.59,47.59,7.83,6620.74
1000,Wood,917,51.47,Supplier D,Commercial,1119.79,202.79,18.11,10437.72
1018,Concrete,894,190.49,Supplier B,Residential,979.32,85.32,8.71,16252.55
1001,Asphalt,308,159.41,Supplier B,Residential,374.96,66.96,17.86,10674.37
1052,Asphalt,722,26.99,Supplier D,Residential,798.43,76.43,9.57,2062.78
1043,Concrete,951,89.34,Supplier B,Commercial,1120.83,169.83,15.15,15172.27
1089,Concrete,739,177.03,Supplier C,Residential,878.55,139.55,15.88,24703.73
1031,Wood,59,189.5,Supplier A,Residential,68.0,9.0,13.23,1705.37
1069,Wood,310,98.81,Supplier A,Residential,344.43,34.43,10.0,3401.96
1031,Steel,968,126.55,Supplier A,Infrastructure,1057.57,89.57,8.47,11334.82
1067,Wood,699,41.74,Supplier A,Residential,738.59,39.59,5.36,1652.48
1054,Asphalt,221,198.32,Supplier D,Infrastructure,245.48,24.48,9.97,4855.75
1074,Asphalt,947,54.02,Supplier A,Infrastructure,1118.06,171.06,15.3,9240.61
1055,Concrete,62,189.12,Supplier A,Residential,76.73,14.73,19.2,2786.68
1016,Wood,217,133.43,Supplier A,Infrastructure,265.66,48.66,18.32,6492.74
1037,Steel,691,125.47,Supplier A,Residential,831.42,140.42,16.89,17618.52
1023,Asphalt,645,107.41,Supplier C,Commercial,778.96,133.96,17.2,14388.61
1068,Asphalt,370,53.83,Supplier A,Commercial,437.71,67.71,15.47,3644.77
1097,Steel,368,43.54,Supplier C,Commercial,405.56,37.56,9.26,1635.24
1069,Steel,662,51.89,Supplier D,Commercial,815.21,153.21,18.79,7950.2
1085,Asphalt,378,45.42,Supplier B,Infrastructure,447.61,69.61,15.55,3161.57
1010,Asphalt,834,158.12,Supplier A,Residential,969.18,135.18,13.95,21374.9
1015,Steel,826,76.52,Supplier B,Residential,885.64,59.64,6.73,4563.31
1096,Asphalt,960,20.99,Supplier B,Residential,1093.83,133.83,12.24,2809.19
1072,Concrete,969,194.13,Supplier D,Commercial,1106.67,137.67,12.44,26725.38
1058,Concrete,599,177.92,Supplier B,Commercial,732.52,133.52,18.23,23756.72
1069,Steel,468,186.27,Supplier C,Residential,542.57,74.57,13.74,13889.46
1079,Wood,655,199.03,Supplier B,Commercial,737.58,82.58,11.2,16436.39
1092,Steel,144,43.04,Supplier B,Residential,179.33,35.33,19.7,1520.68
1002,Steel,866,85.29,Supplier B,Residential,928.48,62.48,6.73,5328.65
1019,Wood,630,154.07,Supplier A,Residential,714.74,84.74,11.86,13056.06
1058,Wood,367,142.24,Supplier A,Residential,388.43,21.43,5.52,3048.86
1035,Wood,285,39.24,Supplier C,Residential,341.42,56.42,16.53,2214.1
1018,Concrete,995,165.01,Supplier C,Residential,1227.45,232.45,18.94,38356.12
1089,Asphalt,383,52.64,Supplier A,Residential,423.6,40.6,9.58,2137.23
1066,Concrete,934,52.53,Supplier C,Commercial,1141.04,207.04,18.14,10875.72
1018,Asphalt,425,112.03,Supplier A,Residential,471.09,46.09,9.78,5163.3
1019,Concrete,508,122.66,Supplier D,Residential,625.93,117.93,18.84,14465.81
1095,Asphalt,186,120.22,Supplier B,Commercial,223.35,37.35,16.72,4489.9
1070,Concrete,979,27.38,Supplier B,Commercial,1185.55,206.55,17.42,5655.36
1051,Wood,637,176.72,Supplier C,Commercial,671.14,34.14,5.09,6033.93
1032,Steel,596,60.46,Supplier A,Residential,740.57,144.57,19.52,8740.52
1039,Concrete,562,34.61,Supplier A,Infrastructure,671.78,109.78,16.34,3799.41
1038,Asphalt,345,178.86,Supplier C,Infrastructure,383.28,38.28,9.99,6846.37
1081,Wood,369,191.57,Supplier A,Commercial,448.66,79.66,17.75,15260.34
1000,Concrete,967,173.8,Supplier D,Infrastructure,1069.8,102.8,9.61,17865.98
1010,Concrete,621,163.81,Supplier B,Commercial,760.45,139.45,18.34,22842.65
1091,Wood,881,134.5,Supplier C,Residential,944.89,63.89,6.76,8592.76
1056,Concrete,398,114.66,Supplier C,Infrastructure,473.91,75.91,16.02,8704.23
1088,Steel,889,26.53,Supplier A,Residential,1029.59,140.59,13.65,3729.75
1049,Concrete,828,87.61,Supplier C,Infrastructure,885.39,57.39,6.48,5027.6
1022,Steel,922,80.81,Supplier D,Residential,1012.71,90.71,8.96,7329.89
1030,Steel,278,59.35,Supplier A,Infrastructure,292.59,14.59,4.99,865.9
1093,Wood,319,147.45,Supplier A,Residential,364.86,45.86,12.57,6761.67
1041,Concrete,877,104.22,Supplier A,Residential,973.69,96.69,9.93,10077.23
1098,Wood,847,25.4,Supplier A,Infrastructure,990.71,143.71,14.51,3650.28
1006,Concrete,340,51.83,Supplier D,Residential,377.21,37.21,9.87,1928.71
1015,Concrete,774,139.82,Supplier A,Residential,859.13,85.13,9.91,11902.52
1089,Asphalt,214,24.46,Supplier C,Residential,256.51,42.51,16.57,1039.76
1059,Concrete,54,171.73,Supplier D,Infrastructure,57.22,3.22,5.63,552.96
1001,Wood,900,104.08,Supplier B,Infrastructure,1107.52,207.52,18.74,21598.8
1000,Steel,428,101.31,Supplier B,Residential,522.35,94.35,18.06,9558.98
1047,Concrete,127,122.56,Supplier C,Residential,150.31,23.31,15.51,2857.15
1011,Asphalt,459,166.69,Supplier C,Infrastructure,536.41,77.41,14.43,12903.1
1068,Wood,623,76.08,Supplier D,Infrastructure,765.33,142.33,18.6,10828.53
1036,Concrete,181,138.82,Supplier B,Residential,196.76,15.76,8.01,2187.66
1031,Wood,650,117.49,Supplier B,Residential,692.77,42.77,6.17,5024.58
1008,Asphalt,798,60.74,Supplier B,Residential,876.13,78.13,8.92,4745.36
1098,Asphalt,91,176.94,Supplier B,Commercial,110.01,19.01,17.28,3363.86
1018,Wood,138,161.51,Supplier B,Infrastructure,145.86,7.86,5.39,1268.97
1047,Concrete,451,135.11,Supplier A,Commercial,526.12,75.12,14.28,10149.35
1079,Steel,345,171.61,Supplier C,Infrastructure,430.94,85.94,19.94,14747.34
1002,Asphalt,889,174.79,Supplier A,Infrastructure,1085.59,196.59,18.11,34362.45
1019,Concrete,344,144.59,Supplier B,Infrastructure,397.08,53.08,13.37,7674.18
1023,Concrete,665,169.03,Supplier D,Infrastructure,706.71,41.71,5.9,7050.96
1053,Steel,575,142.52,Supplier D,Infrastructure,699.36,124.36,17.78,17723.5
1032,Asphalt,849,139.23,Supplier B,Infrastructure,993.16,144.16,14.51,20070.92
1023,Asphalt,740,127.54,Supplier B,Infrastructure,794.01,54.01,6.8,6888.45
1074,Concrete,686,153.02,Supplier D,Commercial,733.18,47.18,6.43,7219.06
1071,Concrete,471,40.13,Supplier A,Residential,580.24,109.24,18.83,4383.67
1035,Steel,914,177.37,Supplier A,Residential,1082.03,168.03,15.53,29803.45
1037,Steel,72,175.65,Supplier B,Commercial,87.54,15.54,17.75,2729.9
1083,Asphalt,624,15.56,Supplier A,Commercial,764.9,140.9,18.42,2192.35
1098,Wood,192,166.91,Supplier D,Commercial,223.56,31.56,14.12,5267.02
1088,Asphalt,714,34.49,Supplier A,Commercial,823.59,109.59,13.31,3779.81
1098,Concrete,194,73.67,Supplier B,Infrastructure,220.4,26.4,11.98,1944.93
1024,Asphalt,274,151.27,Supplier D,Residential,305.07,31.07,10.18,4699.76
1092,Wood,552,40.54,Supplier A,Infrastructure,627.58,75.58,12.04,3063.99
1017,Steel,870,165.41,Supplier C,Residential,1048.16,178.16,17.0,29468.63
1081,Wood,665,168.11,Supplier D,Residential,778.31,113.31,14.56,19047.84
1065,Wood,153,106.42,Supplier D,Commercial,187.96,34.96,18.6,3720.57
1053,Wood,996,11.21,Supplier C,Infrastructure,1134.12,138.12,12.18,1548.34
1034,Steel,88,64.54,Supplier C,Commercial,103.08,15.08,14.63,973.57
1079,Wood,996,127.22,Supplier D,Infrastructure,1171.56,175.56,14.98,22334.29
1060,Wood,247,196.43,Supplier C,Residential,288.58,41.58,14.41,8167.53
1040,Wood,695,130.04,Supplier B,Commercial,827.42,132.42,16.0,17219.39
1099,Concrete,628,59.36,Supplier B,Commercial,689.22,61.22,8.88,3634.12
1032,Wood,440,130.46,Supplier B,Residential,507.09,67.09,13.23,8752.3
1067,Steel,228,112.6,Supplier D,Residential,244.15,16.15,6.62,1818.79
1032,Wood,603,158.17,Supplier C,Residential,679.52,76.52,11.26,12103.5
1013,Wood,497,30.33,Supplier C,Commercial,570.32,73.32,12.86,2223.92
1020,Steel,549,154.6,Supplier A,Infrastructure,648.06,99.06,15.29,15315.33
1047,Wood,64,112.84,Supplier A,Commercial,79.37,15.37,19.36,1733.99
1019,Steel,672,192.97,Supplier C,Infrastructure,786.33,114.33,14.54,22061.78
1007,Wood,718,74.96,Supplier C,Commercial,860.68,142.68,16.58,10695.3
1006,Steel,338,130.2,Supplier C,Commercial,389.12,51.12,13.14,6656.29
1066,Wood,527,187.09,Supplier D,Residential,620.18,93.18,15.03,17433.9
1016,Wood,280,29.48,Supplier C,Infrastructure,297.97,17.97,6.03,529.82
1032,Concrete,972,188.07,Supplier A,Commercial,1070.05,98.05,9.16,18440.96
1047,Concrete,469,140.7,Supplier D,Commercial,526.39,57.39,10.9,8075.03
1075,Wood,206,22.89,Supplier C,Residential,235.77,29.77,12.63,681.36
1058,Wood,599,67.18,Supplier A,Residential,634.42,35.42,5.58,2379.43
1085,Asphalt,490,144.55,Supplier D,Infrastructure,528.22,38.22,7.24,5525.04
1021,Steel,146,22.8,Supplier C,Commercial,161.38,15.38,9.53,350.73
1029,Asphalt,460,120.61,Supplier C,Infrastructure,572.38,112.38,19.63,13554.27
1037,Concrete,338,75.72,Supplier C,Commercial,377.3,39.3,10.42,2975.72
1050,Concrete,303,127.97,Supplier D,Infrastructure,347.36,44.36,12.77,5676.97
1053,Concrete,245,18.69,Supplier A,Residential,266.86,21.86,8.19,408.54
1007,Concrete,647,175.59,Supplier A,Commercial,758.38,111.38,14.69,19558.08
1026,Wood,883,194.96,Supplier B,Infrastructure,976.72,93.72,9.6,18271.39
1026,Concrete,571,194.09,Supplier C,Residential,623.19,52.19,8.37,10129.28
1097,Wood,566,152.43,Supplier B,Residential,652.78,86.78,13.29,13227.27
1020,Wood,684,34.72,Supplier B,Infrastructure,718.95,34.95,4.86,1213.57
1029,Concrete,891,154.07,Supplier A,Commercial,936.92,45.92,4.9,7074.24
1096,Concrete,914,14.67,Supplier D,Commercial,999.75,85.75,8.58,1257.89
1027,Steel,167,14.2,Supplier D,Residential,176.58,9.58,5.42,135.99
1063,Asphalt,855,71.49,Supplier A,Commercial,916.22,61.22,6.68,4376.79
1096,Concrete,958,102.84,Supplier D,Commercial,1070.83,112.83,10.54,11603.0
1068,Steel,208,156.38,Supplier B,Commercial,251.79,43.79,17.39,6847.5
1060,Steel,864,139.83,Supplier C,Residential,1006.05,142.05,14.12,19862.85
1047,Asphalt,277,94.72,Supplier A,Infrastructure,319.25,42.25,13.23,4002.09
1018,Wood,926,61.99,Supplier C,Commercial,1026.65,100.65,9.8,6239.55
1003,Concrete,265,199.45,Supplier D,Residential,327.63,62.63,19.12,12492.14
1034,Asphalt,997,90.97,Supplier C,Residential,1126.01,129.01,11.46,11736.48
1063,Concrete,745,95.76,Supplier D,Infrastructure,795.23,50.23,6.32,4809.72
1048,Steel,64,41.09,Supplier D,Commercial,75.1,11.1,14.78,456.04
1016,Steel,206,161.01,Supplier B,Commercial,220.99,14.99,6.78,2413.56
1043,Wood,697,141.8,Supplier D,Infrastructure,779.97,82.97,10.64,11765.73
1091,Steel,310,51.95,Supplier B,Infrastructure,356.96,46.96,13.16,2439.55
1029,Steel,206,25.65,Supplier B,Residential,252.32,46.32,18.36,1188.06
1092,Asphalt,96,139.29,Supplier B,Residential,110.28,14.28,12.95,1988.52
1045,Concrete,373,134.36,Supplier A,Infrastructure,444.04,71.04,16.0,9544.73
1005,Concrete,893,61.92,Supplier A,Commercial,1114.97,221.97,19.91,13744.2
1098,Asphalt,734,190.66,Supplier D,Residential,790.0,56.0,7.09,10677.46
1036,Wood,179,38.7,Supplier B,Residential,197.79,18.79,9.5,726.99
1023,Concrete,460,92.14,Supplier A,Commercial,519.3,59.3,11.42,5463.99
1092,Steel,144,189.29,Supplier B,Residential,163.35,19.35,11.85,3662.51
1045,Concrete,676,89.75,Supplier C,Commercial,765.37,89.37,11.68,8020.96
1052,Steel,804,131.32,Supplier C,Commercial,990.14,186.14,18.8,24444.41
1094,Wood,981,85.54,Supplier C,Commercial,1170.14,189.14,16.16,16179.31
1098,Asphalt,341,62.1,Supplier D,Infrastructure,399.51,58.51,14.65,3633.42
1059,Concrete,843,196.96,Supplier B,Infrastructure,937.31,94.31,10.06,18575.34
1096,Asphalt,860,87.77,Supplier C,Infrastructure,1044.69,184.69,17.68,16210.41
1062,Concrete,332,179.88,Supplier A,Commercial,412.02,80.02,19.42,14393.28
1084,Steel,118,53.69,Supplier C,Commercial,143.28,25.28,17.64,1357.3
1031,Asphalt,709,50.49,Supplier C,Infrastructure,744.67,35.67,4.79,1801.08
1086,Concrete,60,15.92,Supplier C,Residential,70.64,10.64,15.06,169.34
1032,Steel,303,133.82,Supplier D,Commercial,321.25,18.25,5.68,2442.05
1066,Asphalt,891,80.02,Supplier A,Residential,981.46,90.46,9.22,7238.26
1017,Asphalt,921,174.23,Supplier B,Residential,978.01,57.01,5.83,9933.63
1024,Concrete,599,99.91,Supplier A,Commercial,701.28,102.28,14.59,10219.26
1094,Concrete,183,193.96,Supplier B,Commercial,217.28,34.28,15.78,6648.79
1053,Concrete,761,45.25,Supplier D,Residential,816.48,55.48,6.79,2510.24
1057,Steel,72,175.04,Supplier D,Residential,81.13,9.13,11.25,1597.64
1066,Concrete,864,157.55,Supplier D,Infrastructure,986.04,122.04,12.38,19227.03
1045,Asphalt,395,156.48,Supplier D,Infrastructure,443.91,48.91,11.02,7652.68
1023,Asphalt,351,170.51,Supplier B,Commercial,377.05,26.05,6.91,4441.1
1031,Concrete,412,154.59,Supplier C,Infrastructure,467.12,55.12,11.8,8521.2
1046,Concrete,445,128.98,Supplier B,Infrastructure,534.1,89.1,16.68,11492.74
1085,Wood,267,34.94,Supplier A,Infrastructure,284.14,17.14,6.03,598.93
1022,Asphalt,190,16.18,Supplier D,Infrastructure,202.55,12.55,6.19,203.01
1065,Steel,665,184.96,Supplier D,Residential,745.43,80.43,10.79,14877.18
1026,Wood,259,127.16,Supplier A,Commercial,320.73,61.73,19.25,7849.76
1001,Concrete,672,161.34,Supplier B,Infrastructure,795.46,123.46,15.52,19918.42
1089,Concrete,665,101.49,Supplier C,Residential,788.51,123.51,15.66,12535.34
1016,Asphalt,877,32.29,Supplier C,Residential,984.33,107.33,10.9,3465.71
1032,Concrete,732,33.79,Supplier A,Residential,855.51,123.51,14.44,4173.47
1008,Steel,509,140.26,Supplier C,Infrastructure,535.48,26.48,4.95,3714.27
1042,Asphalt,405,91.76,Supplier B,Infrastructure,476.77,71.77,15.05,6585.96
1047,Concrete,373,48.1,Supplier B,Commercial,459.78,86.78,18.87,4174.18
1038,Asphalt,182,103.4,Supplier A,Infrastructure,213.4,31.4,14.71,3246.52
1092,Concrete,937,22.2,Supplier B,Infrastructure,1147.58,210.58,18.35,4674.9
1041,Concrete,854,120.57,Supplier D,Residential,1020.35,166.35,16.3,20057.37
1025,Concrete,889,61.11,Supplier A,Commercial,954.89,65.89,6.9,4026.25
1098,Steel,176,161.54,Supplier B,Infrastructure,216.57,40.57,18.73,6553.09
1049,Steel,155,68.97,Supplier A,Infrastructure,164.81,9.81,5.95,676.58
1024,Asphalt,653,96.49,Supplier C,Residential,755.39,102.39,13.55,9879.24
1023,Concrete,848,12.21,Supplier B,Residential,914.51,66.51,7.27,812.04
1012,Concrete,427,23.76,Supplier D,Infrastructure,449.35,22.35,4.97,531.03
1059,Steel,954,84.57,Supplier B,Commercial,1082.22,128.22,11.85,10843.92
1006,Concrete,100,101.19,Supplier A,Commercial,110.9,10.9,9.83,1103.05
1056,Steel,78,124.0,Supplier A,Residential,89.48,11.48,12.83,1423.72
1035,Concrete,511,65.42,Supplier B,Residential,595.54,84.54,14.2,5530.6
1044,Asphalt,345,142.05,Supplier D,Infrastructure,365.27,20.27,5.55,2879.07
1019,Concrete,346,173.42,Supplier D,Residential,371.81,25.81,6.94,4476.29
1064,Concrete,775,158.17,Supplier D,Infrastructure,900.34,125.34,13.92,19824.96
1007,Wood,828,17.53,Supplier A,Commercial,926.23,98.23,10.61,1721.95
1015,Steel,456,101.3,Supplier B,Commercial,545.3,89.3,16.38,9046.15
1013,Concrete,818,29.94,Supplier C,Infrastructure,965.61,147.61,15.29,4419.59
1075,Concrete,863,55.99,Supplier A,Residential,1052.1,189.1,17.97,10587.78
1086,Wood,662,197.47,Supplier D,Commercial,786.79,124.79,15.86,24641.5
1014,Wood,454,37.07,Supplier B,Residential,515.74,61.74,11.97,2288.62
1091,Steel,395,104.79,Supplier D,Commercial,467.91,72.91,15.58,7640.7
1097,Wood,671,127.45,Supplier C,Infrastructure,741.51,70.51,9.51,8986.01
1065,Asphalt,469,143.47,Supplier D,Infrastructure,521.18,52.18,10.01,7486.58
1031,Wood,231,116.33,Supplier D,Infrastructure,279.0,48.0,17.2,5583.97
1086,Asphalt,874,11.86,Supplier C,Commercial,995.73,121.73,12.23,1443.77
1062,Steel,50,72.03,Supplier B,Residential,60.48,10.48,17.33,755.15
1085,Steel,880,108.37,Supplier A,Residential,1068.75,188.75,17.66,20454.44
1050,Steel,999,26.69,Supplier B,Residential,1220.29,221.29,18.13,5906.26
1024,Steel,616,76.62,Supplier C,Commercial,759.73,143.73,18.92,11012.55
1057,Steel,420,16.31,Supplier D,Commercial,477.2,57.2,11.99,932.98
1062,Asphalt,985,24.93,Supplier B,Commercial,1097.07,112.07,10.22,2793.82
1061,Asphalt,960,85.42,Supplier A,Commercial,1119.78,159.78,14.27,13648.59
1021,Steel,710,35.22,Supplier C,Commercial,798.21,88.21,11.05,3106.63
1057,Wood,480,117.83,Supplier B,Residential,561.7,81.7,14.55,9627.08
1057,Concrete,358,141.0,Supplier A,Commercial,426.42,68.42,16.05,9647.21
1085,Steel,186,162.11,Supplier C,Commercial,220.91,34.91,15.8,5659.04
1048,Wood,251,48.03,Supplier A,Residential,282.35,31.35,11.1,1505.86
1051,Concrete,485,41.82,Supplier C,Commercial,525.44,40.44,7.7,1691.01
1041,Steel,362,29.87,Supplier D,Residential,411.27,49.27,11.98,1471.7
1069,Steel,166,130.92,Supplier B,Residential,179.03,13.03,7.28,1706.43
1014,Asphalt,715,144.23,Supplier A,Infrastructure,878.03,163.03,18.57,23514.38
1053,Concrete,986,16.0,Supplier C,Infrastructure,1103.51,117.51,10.65,1880.11
1059,Concrete,852,187.88,Supplier A,Infrastructure,920.92,68.92,7.48,12948.68
1096,Wood,624,19.87,Supplier A,Infrastructure,658.38,34.38,5.22,683.05
1007,Asphalt,293,112.85,Supplier B,Commercial,345.5,52.5,15.19,5924.08
1052,Asphalt,586,144.72,Supplier D,Infrastructure,689.94,103.94,15.07,15042.91
1059,Asphalt,651,175.48,Supplier A,Residential,727.9,76.9,10.56,13493.83
1004,Asphalt,124,145.68,Supplier C,Commercial,131.98,7.98,6.05,1162.3
1067,Concrete,855,162.33,Supplier C,Infrastructure,967.8,112.8,11.65,18310.26
1005,Concrete,435,74.5,Supplier D,Residential,483.83,48.83,10.09,3637.53
1095,Steel,952,164.82,Supplier C,Commercial,1128.52,176.52,15.64,29094.65
1093,Steel,259,25.22,Supplier D,Commercial,303.33,44.33,14.61,1117.99
1046,Asphalt,524,180.02,Supplier C,Infrastructure,588.41,64.41,10.95,11594.98
1098,Asphalt,467,114.04,Supplier B,Commercial,510.7,43.7,8.56,4983.68
1054,Asphalt,396,165.29,Supplier A,Residential,494.05,98.05,19.85,16207.09
1039,Steel,578,95.94,Supplier B,Commercial,659.38,81.38,12.34,7807.85
1051,Wood,689,132.28,Supplier A,Residential,818.29,129.29,15.8,17103.04
1015,Wood,988,110.02,Supplier A,Commercial,1065.17,77.17,7.25,8490.6
1012,Steel,925,149.0,Supplier A,Infrastructure,1061.08,136.08,12.83,20276.53
1029,Steel,812,25.51,Supplier B,Residential,857.07,45.07,5.26,1149.79
1018,Steel,228,21.47,Supplier A,Commercial,262.45,34.45,13.13,739.61
1016,Steel,231,56.95,Supplier B,Commercial,287.09,56.09,19.54,3194.19
1062,Steel,713,40.31,Supplier D,Commercial,803.44,90.44,11.26,3645.55
1018,Steel,74,175.64,Supplier C,Residential,78.28,4.28,5.46,751.24
1091,Asphalt,229,51.65,Supplier C,Residential,241.87,12.87,5.32,664.62
1057,Asphalt,759,195.41,Supplier A,Residential,855.85,96.85,11.32,18924.75
1054,Asphalt,550,74.01,Supplier B,Infrastructure,595.1,45.1,7.58,3338.05
1089,Asphalt,905,44.6,Supplier C,Infrastructure,954.48,49.48,5.18,2206.66
1089,Steel,210,160.04,Supplier B,Residential,252.26,42.26,16.75,6763.45
1061,Wood,226,135.15,Supplier B,Commercial,258.03,32.03,12.41,4328.21
1022,Concrete,334,104.66,Supplier A,Infrastructure,370.02,36.02,9.73,3770.02
1008,Steel,112,115.52,Supplier C,Residential,137.76,25.76,18.7,2976.01
1011,Concrete,711,146.65,Supplier A,Commercial,763.06,52.06,6.82,7635.33
1000,Wood,715,53.41,Supplier A,Infrastructure,887.45,172.45,19.43,9210.36
1057,Asphalt,205,199.3,Supplier C,Commercial,228.12,23.12,10.14,4608.34
1000,Wood,931,195.21,Supplier C,Commercial,1142.97,211.97,18.55,41378.81
1033,Steel,518,133.56,Supplier D,Commercial,606.36,88.36,14.57,11802.01
1095,Asphalt,98,47.91,Supplier D,Commercial,119.1,21.1,17.72,1011.07
1047,Steel,898,139.24,Supplier B,Infrastructure,1119.63,221.63,19.79,30859.59
1088,Asphalt,133,23.72,Supplier C,Infrastructure,147.32,14.32,9.72,339.71
1000,Concrete,410,15.82,Supplier D,Infrastructure,509.31,99.31,19.5,1571.13
1015,Concrete,738,58.96,Supplier B,Residential,832.39,94.39,11.34,5565.09
1060,Concrete,197,97.9,Supplier B,Infrastructure,222.04,25.04,11.28,2451.33
1063,Wood,679,174.97,Supplier B,Commercial,759.17,80.17,10.56,14028.14
1062,Steel,391,148.16,Supplier D,Infrastructure,452.89,61.89,13.67,9169.34
1068,Wood,525,151.11,Supplier C,Commercial,567.44,42.44,7.48,6412.39
1021,Concrete,112,90.84,Supplier A,Residential,130.0,18.0,13.85,1635.4
1092,Steel,750,75.73,Supplier B,Commercial,868.76,118.76,13.67,8993.37
1066,Concrete,409,80.5,Supplier D,Commercial,491.77,82.77,16.83,6663.27
