Project_ID,Material,Project_Type,Supplier,Supplier_Rank,Ordered_Qty,Used_Qty,Waste_Qty,Order_Size,Unit_Cost,Total_Material_Cost,Used_Material_Cost,Waste_Cost,Waste_%,Efficiency_%,Waste_Rate_Category,Industry_Benchmark_%,Above_Benchmark,Excess_Waste_%,Excess_Waste_Cost,Cost_Efficiency_%
1051,Wood,Residential,Supplier D,4,663.69,557,106.69,Large (500-800),105.42,69966.2,58718.94,11246.8,16.07,83.93,Critical (>15%),10,True,6.07,4246.95,83.92
1092,Steel,Residential,Supplier D,1,1088.16,901,187.16,XL (>800),123.12,133974.26,110931.12,23042.94,17.2,82.8,Critical (>15%),8,True,9.2,12325.63,82.8
1014,Wood,Infrastructure,Supplier D,4,136.11,118,18.11,Small (<200),22.74,3095.14,2683.32,411.77,13.3,86.7,High (12-15%),10,True,3.3,102.14,86.69
1071,Asphalt,Residential,Supplier B,2,677.13,595,82.13,Large (500-800),152.49,103255.55,90731.55,12524.56,12.13,87.87,High (12-15%),8,True,4.13,4264.45,87.87
1060,Concrete,Residential,Supplier A,2,888.42,823,65.42,XL (>800),49.88,44314.39,41051.24,3263.18,7.36,92.64,Low (<8%),8,False,0.0,0.0,92.64
1020,Steel,Infrastructure,Supplier C,4,113.8,102,11.8,Small (<200),180.63,20555.69,18424.26,2130.55,10.37,89.63,Moderate (8-12%),8,True,2.37,487.17,89.63
1082,Concrete,Commercial,Supplier D,1,567.27,499,68.27,Large (500-800),48.98,27784.88,24441.02,3343.63,12.03,87.97,High (12-15%),8,True,4.03,1119.73,87.97
1086,Concrete,Residential,Supplier A,2,271.2,254,17.2,Medium (200-500),46.23,12537.58,11742.42,795.2,6.34,93.66,Low (<8%),8,False,0.0,0.0,93.66
1074,Steel,Infrastructure,Supplier D,1,191.47,175,16.47,Small (<200),16.94,3243.5,2964.5,279.03,8.6,91.4,Moderate (8-12%),8,True,0.6,19.46,91.4
1074,Wood,Residential,Supplier B,3,931.04,796,135.04,XL (>800),99.69,92815.38,79353.24,13461.89,14.5,85.5,High (12-15%),10,True,4.5,4176.69,85.5
1087,Concrete,Residential,Supplier A,2,110.14,92,18.14,Small (<200),117.32,12921.62,10793.44,2127.74,16.47,83.53,Critical (>15%),8,True,8.47,1094.46,83.53
1099,Asphalt,Commercial,Supplier B,2,1000.99,801,199.99,XL (>800),22.48,22502.26,18006.48,4495.67,19.98,80.02,Critical (>15%),8,True,11.98,2695.77,80.02
1023,Concrete,Residential,Supplier D,1,1152.53,932,220.53,XL (>800),157.35,181350.6,146650.2,34700.76,19.13,80.87,Critical (>15%),8,True,11.13,20184.32,80.87
1002,Steel,Infrastructure,Supplier D,1,188.56,160,28.56,Small (<200),96.12,18124.39,15379.2,2745.39,15.15,84.85,Critical (>15%),8,True,7.15,1295.89,84.85
1021,Steel,Residential,Supplier B,3,918.74,810,108.74,XL (>800),109.63,100721.47,88800.3,11921.41,11.84,88.16,Moderate (8-12%),8,True,3.84,3867.7,88.16
1052,Steel,Commercial,Supplier C,4,838.19,712,126.19,XL (>800),93.74,78571.93,66742.88,11829.21,15.06,84.94,Critical (>15%),8,True,7.06,5547.18,84.94
1001,Wood,Commercial,Supplier B,3,280.05,232,48.05,Medium (200-500),86.14,24123.51,19984.48,4139.39,17.16,82.84,Critical (>15%),10,True,7.16,1727.24,82.84
1087,Concrete,Infrastructure,Supplier D,1,963.08,897,66.08,XL (>800),116.33,112035.1,104348.01,7687.03,6.86,93.14,Low (<8%),8,False,0.0,0.0,93.14
1029,Wood,Commercial,Supplier B,3,163.01,144,19.01,Small (<200),39.5,6438.9,5688.0,750.71,11.66,88.34,Moderate (8-12%),10,True,1.66,106.89,88.34
1037,Wood,Residential,Supplier C,2,515.2,423,92.2,Large (500-800),44.57,22962.46,18853.11,4109.23,17.9,82.1,Critical (>15%),10,True,7.9,1814.03,82.1
1001,Steel,Commercial,Supplier B,3,1082.82,961,121.82,XL (>800),173.74,188129.15,166964.14,21165.47,11.25,88.75,Moderate (8-12%),8,True,3.25,6114.2,88.75
1063,Steel,Infrastructure,Supplier C,4,662.53,569,93.53,Large (500-800),189.76,125721.69,107973.44,17748.08,14.12,85.88,High (12-15%),8,True,6.12,7694.17,85.88
1059,Wood,Commercial,Supplier C,2,1108.01,949,159.01,XL (>800),80.93,89671.25,76802.57,12868.57,14.35,85.65,High (12-15%),10,True,4.35,3900.7,85.65
1020,Concrete,Commercial,Supplier B,4,444.54,409,35.54,Medium (200-500),61.44,27312.54,25128.96,2183.59,7.99,92.01,Low (<8%),8,False,0.0,0.0,92.01
1032,Asphalt,Commercial,Supplier B,2,1065.2,949,116.2,XL (>800),132.36,140989.87,125609.64,15380.53,10.91,89.09,Moderate (8-12%),8,True,2.91,4102.81,89.09
1075,Wood,Infrastructure,Supplier A,1,832.09,745,87.09,XL (>800),87.66,72941.01,65306.7,7634.5,10.47,89.53,Moderate (8-12%),10,True,0.47,342.82,89.53
1057,Concrete,Commercial,Supplier D,1,348.23,330,18.23,Medium (200-500),14.82,5160.77,4890.6,270.15,5.23,94.77,Low (<8%),8,False,0.0,0.0,94.76
1021,Steel,Commercial,Supplier C,4,257.38,244,13.38,Medium (200-500),39.67,10210.26,9679.48,530.81,5.2,94.8,Low (<8%),8,False,0.0,0.0,94.8
1088,Steel,Residential,Supplier A,2,1110.52,913,197.52,XL (>800),146.03,162169.24,133325.39,28843.54,17.79,82.21,Critical (>15%),8,True,9.79,15876.37,82.21
1048,Concrete,Infrastructure,Supplier B,4,269.53,244,25.53,Medium (200-500),135.2,36440.46,32988.8,3451.1,9.47,90.53,Moderate (8-12%),8,True,1.47,535.67,90.53
1090,Asphalt,Commercial,Supplier D,3,825.99,716,109.99,XL (>800),15.15,12513.75,10847.4,1666.33,13.32,86.68,High (12-15%),8,True,5.32,665.73,86.68
1058,Steel,Infrastructure,Supplier A,2,157.58,142,15.58,Small (<200),52.17,8220.95,7408.14,813.01,9.89,90.11,Moderate (8-12%),8,True,1.89,155.38,90.11
1041,Steel,Commercial,Supplier C,4,892.7,721,171.7,XL (>800),53.9,48116.53,38861.9,9254.41,19.23,80.77,Critical (>15%),8,True,11.23,5403.49,80.77
1091,Steel,Commercial,Supplier A,2,1096.35,995,101.35,XL (>800),137.66,150923.54,136971.7,13951.85,9.24,90.76,Moderate (8-12%),8,True,1.24,1871.45,90.76
1059,Concrete,Commercial,Supplier C,3,124.95,110,14.95,Small (<200),13.75,1718.06,1512.5,205.6,11.97,88.03,Moderate (8-12%),8,True,3.97,68.21,88.04
1079,Wood,Residential,Supplier B,3,836.36,683,153.36,XL (>800),29.78,24906.8,20339.74,4567.21,18.34,81.66,Critical (>15%),10,True,8.34,2077.23,81.66
1014,Steel,Residential,Supplier D,1,121.84,100,21.84,Small (<200),161.98,19735.64,16198.0,3537.43,17.92,82.08,Critical (>15%),8,True,9.92,1957.78,82.07
1061,Wood,Residential,Supplier D,4,491.42,452,39.42,Medium (200-500),43.92,21583.17,19851.84,1731.48,8.02,91.98,Moderate (8-12%),10,False,0.0,0.0,91.98
1061,Asphalt,Infrastructure,Supplier D,3,1014.42,838,176.42,XL (>800),134.02,135952.57,112308.76,23644.21,17.39,82.61,Critical (>15%),8,True,9.39,12765.95,82.61
1046,Steel,Infrastructure,Supplier B,3,61.65,54,7.65,Small (<200),55.25,3406.16,2983.5,422.58,12.41,87.59,High (12-15%),8,True,4.41,150.21,87.59
1061,Steel,Residential,Supplier C,4,590.5,515,75.5,Large (500-800),28.89,17059.55,14878.35,2181.07,12.79,87.21,High (12-15%),8,True,4.79,817.15,87.21
1050,Asphalt,Infrastructure,Supplier B,2,703.08,653,50.08,Large (500-800),56.2,39513.1,36698.6,2814.64,7.12,92.88,Low (<8%),8,False,0.0,0.0,92.88
1054,Steel,Commercial,Supplier D,1,779.33,731,48.33,Large (500-800),147.23,114740.76,107625.13,7116.21,6.2,93.8,Low (<8%),8,False,0.0,0.0,93.8
1063,Wood,Commercial,Supplier B,3,1049.73,878,171.73,XL (>800),172.58,181162.4,151525.24,29636.5,16.36,83.64,Critical (>15%),10,True,6.36,11521.93,83.64
1002,Concrete,Commercial,Supplier B,4,670.04,583,87.04,Large (500-800),167.74,112392.51,97792.42,14599.65,12.99,87.01,High (12-15%),8,True,4.99,5608.39,87.01
1050,Wood,Residential,Supplier B,3,516.37,454,62.37,Large (500-800),85.46,44128.98,38798.84,5329.8,12.08,87.92,High (12-15%),10,True,2.08,917.88,87.92
1006,Concrete,Infrastructure,Supplier C,3,1060.76,887,173.76,XL (>800),136.94,145260.47,121465.78,23795.35,16.38,83.62,Critical (>15%),8,True,8.38,12172.83,83.62
1020,Concrete,Residential,Supplier A,2,676.14,562,114.14,Large (500-800),48.95,33097.05,27509.9,5587.33,16.88,83.12,Critical (>15%),8,True,8.88,2939.02,83.12
1072,Wood,Infrastructure,Supplier A,1,750.76,694,56.76,Large (500-800),65.7,49324.93,45595.8,3728.9,7.56,92.44,Low (<8%),10,False,0.0,0.0,92.44
1038,Wood,Commercial,Supplier B,3,330.52,282,48.52,Medium (200-500),180.3,59592.76,50844.6,8747.56,14.68,85.32,High (12-15%),10,True,4.68,2788.94,85.32
1017,Wood,Residential,Supplier A,1,617.16,573,44.16,Large (500-800),12.47,7695.99,7145.31,550.69,7.16,92.84,Low (<8%),10,False,0.0,0.0,92.84
1003,Wood,Infrastructure,Supplier A,1,474.11,395,79.11,Medium (200-500),26.25,12445.39,10368.75,2076.6,16.69,83.31,Critical (>15%),10,True,6.69,832.6,83.31
1088,Asphalt,Infrastructure,Supplier B,2,112.23,95,17.23,Small (<200),49.5,5555.38,4702.5,852.99,15.35,84.65,Critical (>15%),8,True,7.35,408.32,84.65
1059,Steel,Commercial,Supplier B,3,738.59,595,143.59,Large (500-800),15.04,11108.39,8948.8,2159.55,19.44,80.56,Critical (>15%),8,True,11.44,1270.8,80.56
1013,Concrete,Residential,Supplier D,1,1057.41,994,63.41,XL (>800),44.47,47023.02,44203.18,2819.79,6.0,94.0,Low (<8%),8,False,0.0,0.0,94.0
1008,Wood,Residential,Supplier A,1,134.8,127,7.8,Small (<200),120.78,16281.14,15339.06,941.99,5.79,94.21,Low (<8%),10,False,0.0,0.0,94.21
1089,Wood,Residential,Supplier C,2,861.91,779,82.91,XL (>800),90.07,77632.23,70164.53,7468.13,9.62,90.38,Moderate (8-12%),10,False,0.0,0.0,90.38
1052,Wood,Commercial,Supplier B,3,950.22,862,88.22,XL (>800),179.61,170669.01,154823.82,15844.85,9.28,90.72,Moderate (8-12%),10,False,0.0,0.0,90.72
1001,Asphalt,Residential,Supplier D,3,1068.61,972,96.61,XL (>800),165.31,176651.92,160681.32,15971.04,9.04,90.96,Moderate (8-12%),8,True,1.04,1837.18,90.96
1083,Wood,Commercial,Supplier C,2,150.21,122,28.21,Small (<200),74.95,11258.24,9143.9,2114.54,18.78,81.22,Critical (>15%),10,True,8.78,988.47,81.22
1091,Wood,Commercial,Supplier A,1,927.22,843,84.22,XL (>800),59.29,54974.87,49981.47,4993.61,9.08,90.92,Moderate (8-12%),10,False,0.0,0.0,90.92
1059,Wood,Commercial,Supplier D,4,329.11,298,31.11,Medium (200-500),82.14,27033.1,24477.72,2555.23,9.45,90.55,Moderate (8-12%),10,False,0.0,0.0,90.55
1070,Steel,Infrastructure,Supplier B,3,115.38,96,19.38,Small (<200),122.16,14094.82,11727.36,2367.52,16.8,83.2,Critical (>15%),8,True,8.8,1240.34,83.2
1043,Asphalt,Residential,Supplier C,1,193.79,170,23.79,Small (<200),60.93,11807.62,10358.1,1449.6,12.28,87.72,High (12-15%),8,True,4.28,505.37,87.72
1007,Wood,Residential,Supplier B,3,317.0,263,54.0,Medium (200-500),128.59,40763.03,33819.17,6944.5,17.04,82.96,Critical (>15%),10,True,7.04,2869.72,82.97
1046,Concrete,Commercial,Supplier A,2,306.17,288,18.17,Medium (200-500),87.79,26878.66,25283.52,1594.71,5.93,94.07,Low (<8%),8,False,0.0,0.0,94.07
1034,Concrete,Commercial,Supplier C,3,120.49,105,15.49,Small (<200),114.89,13843.1,12063.45,1779.53,12.86,87.14,High (12-15%),8,True,4.86,672.77,87.14
1077,Concrete,Residential,Supplier A,2,421.63,399,22.63,Medium (200-500),92.86,39152.56,37051.14,2101.64,5.37,94.63,Low (<8%),8,False,0.0,0.0,94.63
1080,Asphalt,Commercial,Supplier A,4,165.75,156,9.75,Small (<200),65.95,10931.21,10288.2,643.33,5.89,94.11,Low (<8%),8,False,0.0,0.0,94.12
1035,Asphalt,Residential,Supplier D,3,1083.53,880,203.53,XL (>800),190.21,206098.24,167384.8,38714.01,18.78,81.22,Critical (>15%),8,True,10.78,22217.39,81.22
1049,Concrete,Infrastructure,Supplier B,4,104.55,97,7.55,Small (<200),155.09,16214.66,15043.73,1171.14,7.22,92.78,Low (<8%),8,False,0.0,0.0,92.78
1003,Wood,Commercial,Supplier C,2,719.33,622,97.33,Large (500-800),36.62,26341.86,22777.64,3564.34,13.53,86.47,High (12-15%),10,True,3.53,929.87,86.47
1001,Asphalt,Residential,Supplier A,4,437.04,386,51.04,Medium (200-500),175.01,76486.37,67553.86,8931.91,11.68,88.32,Moderate (8-12%),8,True,3.68,2814.7,88.32
1005,Concrete,Commercial,Supplier A,2,83.96,75,8.96,Small (<200),102.61,8615.14,7695.75,919.4,10.67,89.33,Moderate (8-12%),8,True,2.67,230.02,89.33
1053,Concrete,Residential,Supplier C,3,1049.16,853,196.16,XL (>800),179.96,188806.83,153505.88,35301.24,18.7,81.3,Critical (>15%),8,True,10.7,20202.33,81.3
1003,Wood,Residential,Supplier A,1,322.64,306,16.64,Medium (200-500),161.97,52258.0,49562.82,2694.47,5.16,94.84,Low (<8%),10,False,0.0,0.0,94.84
1053,Steel,Commercial,Supplier D,1,67.42,57,10.42,Small (<200),90.79,6121.06,5175.03,945.78,15.45,84.55,Critical (>15%),8,True,7.45,456.02,84.54
1092,Asphalt,Infrastructure,Supplier D,3,837.57,674,163.57,XL (>800),14.27,11952.12,9617.98,2334.08,19.53,80.47,Critical (>15%),8,True,11.53,1378.08,80.47
1062,Wood,Residential,Supplier D,4,1064.42,916,148.42,XL (>800),61.05,64982.84,55921.8,9061.21,13.94,86.06,High (12-15%),10,True,3.94,2560.32,86.06
1017,Concrete,Residential,Supplier D,1,373.68,302,71.68,Medium (200-500),112.91,42192.21,34098.82,8093.85,19.18,80.82,Critical (>15%),8,True,11.18,4717.09,80.82
1089,Concrete,Residential,Supplier A,2,785.79,741,44.79,Large (500-800),130.36,102435.58,96596.76,5839.43,5.7,94.3,Low (<8%),8,False,0.0,0.0,94.3
1043,Wood,Infrastructure,Supplier C,2,870.73,768,102.73,XL (>800),59.0,51373.07,45312.0,6060.87,11.8,88.2,Moderate (8-12%),10,True,1.8,924.72,88.2
1033,Asphalt,Infrastructure,Supplier C,1,387.92,352,35.92,Medium (200-500),36.48,14151.32,12840.96,1310.18,9.26,90.74,Moderate (8-12%),8,True,1.26,178.31,90.74
1073,Steel,Commercial,Supplier C,4,822.96,688,134.96,XL (>800),168.64,138783.97,116024.32,22759.82,16.4,83.6,Critical (>15%),8,True,8.4,11657.85,83.6
1061,Steel,Infrastructure,Supplier C,4,130.86,105,25.86,Small (<200),197.04,25784.65,20689.2,5094.91,19.76,80.24,Critical (>15%),8,True,11.76,3032.28,80.24
1099,Concrete,Commercial,Supplier B,4,853.51,775,78.51,XL (>800),109.88,93783.68,85157.0,8626.92,9.2,90.8,Moderate (8-12%),8,True,1.2,1125.4,90.8
1013,Asphalt,Commercial,Supplier C,1,678.98,575,103.98,Large (500-800),42.62,28938.13,24506.5,4431.63,15.31,84.69,Critical (>15%),8,True,7.31,2115.38,84.69
1094,Steel,Infrastructure,Supplier B,3,569.87,523,46.87,Large (500-800),61.74,35183.77,32290.02,2893.82,8.22,91.78,Moderate (8-12%),8,True,0.22,77.4,91.78
1047,Asphalt,Commercial,Supplier B,2,89.56,77,12.56,Small (<200),13.49,1208.16,1038.73,169.38,14.02,85.98,High (12-15%),8,True,6.02,72.73,85.98
1014,Asphalt,Infrastructure,Supplier D,3,145.13,127,18.13,Small (<200),183.72,26663.28,23332.44,3331.56,12.49,87.51,High (12-15%),8,True,4.49,1197.18,87.51
1071,Concrete,Commercial,Supplier B,4,329.77,265,64.77,Medium (200-500),32.37,10674.65,8578.05,2096.48,19.64,80.36,Critical (>15%),8,True,11.64,1242.53,80.36
1077,Steel,Infrastructure,Supplier A,2,509.69,435,74.69,Large (500-800),119.54,60928.34,51999.9,8928.67,14.65,85.35,High (12-15%),8,True,6.65,4051.73,85.35
1086,Wood,Infrastructure,Supplier B,3,463.64,414,49.64,Medium (200-500),62.07,28778.13,25696.98,3081.1,10.71,89.29,Moderate (8-12%),10,True,0.71,204.32,89.29
1061,Concrete,Commercial,Supplier D,1,767.07,715,52.07,Large (500-800),115.29,88435.5,82432.35,6002.65,6.79,93.21,Low (<8%),8,False,0.0,0.0,93.21
1039,Steel,Residential,Supplier B,3,621.14,575,46.14,Large (500-800),133.77,83089.9,76917.75,6172.6,7.43,92.57,Low (<8%),8,False,0.0,0.0,92.57
1084,Steel,Commercial,Supplier A,2,819.11,748,71.11,XL (>800),167.65,137323.79,125402.2,11921.16,8.68,91.32,Moderate (8-12%),8,True,0.68,933.8,91.32
1079,Steel,Infrastructure,Supplier A,2,397.17,361,36.17,Medium (200-500),49.22,19548.71,17768.42,1780.28,9.11,90.89,Moderate (8-12%),8,True,1.11,216.99,90.89
1081,Steel,Residential,Supplier A,2,1137.15,932,205.15,XL (>800),12.09,13748.14,11267.88,2480.32,18.04,81.96,Critical (>15%),8,True,10.04,1380.31,81.96
1052,Steel,Commercial,Supplier D,1,65.09,56,9.09,Small (<200),36.01,2343.89,2016.56,327.18,13.96,86.04,High (12-15%),8,True,5.96,139.7,86.03
1023,Asphalt,Commercial,Supplier D,3,60.04,52,8.04,Small (<200),181.0,10867.24,9412.0,1455.83,13.4,86.6,High (12-15%),8,True,5.4,586.83,86.61
1025,Concrete,Commercial,Supplier C,3,721.02,672,49.02,Large (500-800),176.04,126928.36,118298.88,8630.35,6.8,93.2,Low (<8%),8,False,0.0,0.0,93.2
1088,Asphalt,Residential,Supplier D,3,1182.92,968,214.92,XL (>800),123.51,146102.45,119557.68,26545.15,18.17,81.83,Critical (>15%),8,True,10.17,14858.62,81.83
1059,Wood,Infrastructure,Supplier A,1,954.46,799,155.46,XL (>800),124.1,118448.49,99155.9,19292.06,16.29,83.71,Critical (>15%),10,True,6.29,7450.41,83.71
1040,Steel,Commercial,Supplier A,2,438.18,412,26.18,Medium (200-500),136.36,59750.22,56180.32,3569.34,5.97,94.03,Low (<8%),8,False,0.0,0.0,94.03
1028,Concrete,Commercial,Supplier D,1,953.25,800,153.25,XL (>800),43.32,41294.79,34656.0,6638.95,16.08,83.92,Critical (>15%),8,True,8.08,3336.62,83.92
1014,Steel,Commercial,Supplier B,3,645.4,557,88.4,Large (500-800),183.74,118585.8,102343.18,16242.64,13.7,86.3,High (12-15%),8,True,5.7,6759.39,86.3
1044,Concrete,Commercial,Supplier D,1,344.43,323,21.43,Medium (200-500),89.57,30850.6,28931.11,1919.44,6.22,93.78,Low (<8%),8,False,0.0,0.0,93.78
1064,Asphalt,Commercial,Supplier D,3,633.62,555,78.62,Large (500-800),82.8,52463.74,45954.0,6509.85,12.41,87.59,High (12-15%),8,True,4.41,2313.65,87.59
1088,Concrete,Infrastructure,Supplier A,2,980.63,855,125.63,XL (>800),108.59,106486.61,92844.45,13642.49,12.81,87.19,High (12-15%),8,True,4.81,5122.01,87.19
1070,Wood,Infrastructure,Supplier C,2,853.53,788,65.53,XL (>800),18.92,16148.79,14908.96,1239.75,7.68,92.32,Low (<8%),10,False,0.0,0.0,92.32
1008,Wood,Commercial,Supplier A,1,1154.88,932,222.88,XL (>800),41.59,48031.46,38761.88,9269.5,19.3,80.7,Critical (>15%),10,True,9.3,4466.93,80.7
1087,Concrete,Residential,Supplier C,3,78.08,64,14.08,Small (<200),150.23,11729.96,9614.72,2115.19,18.03,81.97,Critical (>15%),8,True,10.03,1176.51,81.97
1000,Concrete,Infrastructure,Supplier A,2,285.3,241,44.3,Medium (200-500),25.73,7340.77,6200.93,1139.76,15.53,84.47,Critical (>15%),8,True,7.53,552.76,84.47
1007,Concrete,Residential,Supplier D,1,776.87,680,96.87,Large (500-800),124.6,96798.0,84728.0,12070.28,12.47,87.53,High (12-15%),8,True,4.47,4326.87,87.53
1087,Concrete,Infrastructure,Supplier A,2,604.68,534,70.68,Large (500-800),56.62,34236.98,30235.08,4001.71,11.69,88.31,Moderate (8-12%),8,True,3.69,1263.34,88.31
1062,Wood,Commercial,Supplier A,1,90.87,77,13.87,Small (<200),83.97,7630.35,6465.69,1165.08,15.27,84.73,Critical (>15%),10,True,5.27,402.12,84.74
1010,Steel,Infrastructure,Supplier A,2,884.38,763,121.38,XL (>800),64.85,57352.04,49480.55,7871.68,13.73,86.27,High (12-15%),8,True,5.73,3286.27,86.28
1080,Concrete,Commercial,Supplier D,1,93.5,88,5.5,Small (<200),77.58,7253.73,6827.04,426.38,5.88,94.12,Low (<8%),8,False,0.0,0.0,94.12
1007,Concrete,Infrastructure,Supplier D,1,371.11,322,49.11,Medium (200-500),146.62,54412.15,47211.64,7199.8,13.23,86.77,High (12-15%),8,True,5.23,2845.76,86.77
1034,Wood,Commercial,Supplier D,4,339.16,280,59.16,Medium (200-500),66.45,22537.18,18606.0,3931.09,17.44,82.56,Critical (>15%),10,True,7.44,1676.77,82.56
1034,Wood,Commercial,Supplier D,4,154.15,135,19.15,Small (<200),117.62,18131.12,15878.7,2252.36,12.42,87.58,High (12-15%),10,True,2.42,438.77,87.58
1032,Asphalt,Commercial,Supplier C,1,554.58,523,31.58,Large (500-800),100.45,55707.56,52535.35,3172.68,5.7,94.3,Low (<8%),8,False,0.0,0.0,94.31
1004,Concrete,Commercial,Supplier C,3,211.27,175,36.27,Medium (200-500),136.1,28753.85,23817.5,4936.31,17.17,82.83,Critical (>15%),8,True,9.17,2636.73,82.83
1040,Asphalt,Residential,Supplier B,2,938.72,861,77.72,XL (>800),188.0,176479.36,161868.0,14612.27,8.28,91.72,Moderate (8-12%),8,True,0.28,494.14,91.72
1027,Wood,Commercial,Supplier D,4,645.61,586,59.61,Large (500-800),149.19,96318.56,87425.34,8893.27,9.23,90.77,Moderate (8-12%),10,False,0.0,0.0,90.77
1006,Wood,Residential,Supplier C,2,210.09,194,16.09,Medium (200-500),50.84,10680.98,9862.96,818.05,7.66,92.34,Low (<8%),10,False,0.0,0.0,92.34
1072,Steel,Residential,Supplier A,2,640.61,574,66.61,Large (500-800),15.92,10198.51,9138.08,1060.41,10.4,89.6,Moderate (8-12%),8,True,2.4,244.76,89.6
1071,Concrete,Commercial,Supplier D,1,313.55,261,52.55,Medium (200-500),59.83,18759.7,15615.63,3144.21,16.76,83.24,Critical (>15%),8,True,8.76,1643.35,83.24
1011,Asphalt,Residential,Supplier B,2,85.39,74,11.39,Small (<200),123.06,10508.09,9106.44,1401.27,13.34,86.66,High (12-15%),8,True,5.34,561.13,86.66
1033,Wood,Infrastructure,Supplier B,3,686.22,629,57.22,Large (500-800),19.77,13566.57,12435.33,1131.32,8.34,91.66,Moderate (8-12%),10,False,0.0,0.0,91.66
1032,Wood,Commercial,Supplier B,3,542.93,443,99.93,Large (500-800),104.31,56633.03,46209.33,10423.25,18.41,81.59,Critical (>15%),10,True,8.41,4762.84,81.59
1047,Asphalt,Residential,Supplier A,4,142.21,116,26.21,Small (<200),123.4,17548.71,14314.4,3233.86,18.43,81.57,Critical (>15%),8,True,10.43,1830.33,81.57
1022,Steel,Commercial,Supplier C,4,345.2,282,63.2,Medium (200-500),73.51,25375.65,20729.82,4645.88,18.31,81.69,Critical (>15%),8,True,10.31,2616.23,81.69
1061,Wood,Commercial,Supplier A,1,173.45,158,15.45,Small (<200),156.47,27139.72,24722.26,2416.83,8.91,91.09,Moderate (8-12%),10,False,0.0,0.0,91.09
1087,Concrete,Commercial,Supplier D,1,222.35,195,27.35,Medium (200-500),30.25,6726.09,5898.75,827.29,12.3,87.7,High (12-15%),8,True,4.3,289.22,87.7
1036,Wood,Residential,Supplier B,3,199.52,160,39.52,Small (<200),24.28,4844.35,3884.8,959.54,19.81,80.19,Critical (>15%),10,True,9.81,475.23,80.19
1098,Concrete,Infrastructure,Supplier A,2,333.62,277,56.62,Medium (200-500),148.36,49495.86,41095.72,8400.07,16.97,83.03,Critical (>15%),8,True,8.97,4439.78,83.03
1043,Asphalt,Infrastructure,Supplier A,4,168.87,160,8.87,Small (<200),104.14,17586.12,16662.4,923.65,5.25,94.75,Low (<8%),8,False,0.0,0.0,94.75
1085,Concrete,Residential,Supplier C,3,551.72,519,32.72,Large (500-800),140.8,77682.18,73075.2,4606.73,5.93,94.07,Low (<8%),8,False,0.0,0.0,94.07
1090,Asphalt,Commercial,Supplier C,1,94.85,83,11.85,Small (<200),92.62,8785.01,7687.46,1097.66,12.49,87.51,High (12-15%),8,True,4.49,394.45,87.51
1034,Concrete,Residential,Supplier B,4,827.8,672,155.8,XL (>800),56.82,47035.6,38183.04,8852.51,18.82,81.18,Critical (>15%),8,True,10.82,5089.25,81.18
1064,Asphalt,Residential,Supplier A,4,955.14,825,130.14,XL (>800),165.63,158199.84,136644.75,21554.39,13.62,86.38,High (12-15%),8,True,5.62,8890.83,86.37
1098,Concrete,Residential,Supplier A,2,1132.32,985,147.32,XL (>800),161.89,183311.28,159461.65,23849.48,13.01,86.99,High (12-15%),8,True,5.01,9183.9,86.99
1046,Steel,Commercial,Supplier C,4,447.72,418,29.72,Medium (200-500),141.99,63571.76,59351.82,4219.6,6.64,93.36,Low (<8%),8,False,0.0,0.0,93.36
1077,Concrete,Residential,Supplier A,2,941.54,797,144.54,XL (>800),61.71,58102.43,49182.87,8919.61,15.35,84.65,Critical (>15%),8,True,7.35,4270.53,84.65
1002,Concrete,Commercial,Supplier A,2,782.09,644,138.09,Large (500-800),122.14,95524.47,78658.16,16865.93,17.66,82.34,Critical (>15%),8,True,9.66,9227.66,82.34
1000,Steel,Residential,Supplier A,2,679.03,603,76.03,Large (500-800),78.59,53364.97,47389.77,5975.09,11.2,88.8,Moderate (8-12%),8,True,3.2,1707.68,88.8
1004,Wood,Infrastructure,Supplier C,2,571.23,474,97.23,Large (500-800),27.4,15651.7,12987.6,2664.05,17.02,82.98,Critical (>15%),10,True,7.02,1098.75,82.98
1089,Wood,Residential,Supplier B,3,822.8,662,160.8,XL (>800),184.29,151633.81,121999.98,29633.23,19.54,80.46,Critical (>15%),10,True,9.54,14465.87,80.46
1013,Concrete,Residential,Supplier D,1,618.46,567,51.46,Large (500-800),36.0,22264.56,20412.0,1852.46,8.32,91.68,Moderate (8-12%),8,True,0.32,71.25,91.68
1026,Steel,Infrastructure,Supplier B,3,855.61,741,114.61,XL (>800),190.55,163036.49,141197.55,21838.45,13.39,86.61,High (12-15%),8,True,5.39,8787.67,86.6
1008,Concrete,Commercial,Supplier D,1,366.56,331,35.56,Medium (200-500),94.74,34727.89,31358.94,3368.82,9.7,90.3,Moderate (8-12%),8,True,1.7,590.37,90.3
1078,Asphalt,Commercial,Supplier A,4,445.96,369,76.96,Medium (200-500),45.18,20148.47,16671.42,3477.17,17.26,82.74,Critical (>15%),8,True,9.26,1865.75,82.74
1014,Asphalt,Residential,Supplier B,2,917.26,787,130.26,XL (>800),112.96,103613.69,88899.52,14714.53,14.2,85.8,High (12-15%),8,True,6.2,6424.05,85.8
1089,Concrete,Infrastructure,Supplier D,1,579.04,492,87.04,Large (500-800),175.86,101829.97,86523.12,15307.37,15.03,84.97,Critical (>15%),8,True,7.03,7158.65,84.97
1041,Wood,Commercial,Supplier C,2,440.29,364,76.29,Medium (200-500),149.12,65656.04,54279.68,11376.09,17.33,82.67,Critical (>15%),10,True,7.33,4812.59,82.67
1076,Wood,Residential,Supplier C,2,1045.63,926,119.63,XL (>800),163.25,170699.1,151169.5,19530.21,11.44,88.56,Moderate (8-12%),10,True,1.44,2458.07,88.56
1050,Concrete,Infrastructure,Supplier B,4,974.08,790,184.08,XL (>800),135.17,131666.39,106784.3,24882.67,18.9,81.1,Critical (>15%),8,True,10.9,14351.64,81.1
1062,Concrete,Commercial,Supplier B,4,492.71,426,66.71,Medium (200-500),141.53,69733.25,60291.78,9442.04,13.54,86.46,High (12-15%),8,True,5.54,3863.22,86.46
1095,Asphalt,Commercial,Supplier A,4,365.58,338,27.58,Medium (200-500),171.35,62642.13,57916.3,4725.45,7.54,92.46,Low (<8%),8,False,0.0,0.0,92.46
1051,Wood,Infrastructure,Supplier B,3,577.94,486,91.94,Large (500-800),57.44,33196.87,27915.84,5281.11,15.91,84.09,Critical (>15%),10,True,5.91,1961.94,84.09
1095,Concrete,Infrastructure,Supplier A,2,859.35,711,148.35,XL (>800),102.99,88504.46,73225.89,15278.75,17.26,82.74,Critical (>15%),8,True,9.26,8195.51,82.74
1003,Asphalt,Infrastructure,Supplier A,4,362.95,326,36.95,Medium (200-500),52.03,18884.29,16961.78,1922.66,10.18,89.82,Moderate (8-12%),8,True,2.18,411.68,89.82
1093,Wood,Infrastructure,Supplier C,2,927.07,759,168.07,XL (>800),197.66,183244.66,150023.94,33220.68,18.13,81.87,Critical (>15%),10,True,8.13,14897.79,81.87
1022,Steel,Residential,Supplier C,4,776.91,631,145.91,Large (500-800),189.37,147123.45,119492.47,27630.08,18.78,81.22,Critical (>15%),8,True,10.78,15859.91,81.22
1014,Asphalt,Infrastructure,Supplier D,3,610.17,552,58.17,Large (500-800),17.49,10671.87,9654.48,1017.4,9.53,90.47,Moderate (8-12%),8,True,1.53,163.28,90.47
1042,Wood,Commercial,Supplier C,2,839.03,673,166.03,XL (>800),144.06,120870.66,96952.38,23918.57,19.79,80.21,Critical (>15%),10,True,9.79,11833.24,80.21
1028,Wood,Commercial,Supplier C,2,609.15,565,44.15,Large (500-800),185.8,113180.07,104977.0,8203.14,7.25,92.75,Low (<8%),10,False,0.0,0.0,92.75
1035,Asphalt,Residential,Supplier B,2,435.07,399,36.07,Medium (200-500),44.31,19277.95,17679.69,1598.3,8.29,91.71,Moderate (8-12%),8,True,0.29,55.91,91.71
1012,Steel,Commercial,Supplier C,4,969.47,892,77.47,XL (>800),117.91,114310.21,105175.72,9133.98,7.99,92.01,Low (<8%),8,False,0.0,0.0,92.01
1031,Asphalt,Commercial,Supplier D,3,608.25,495,113.25,Large (500-800),183.94,111881.5,91050.3,20832.12,18.62,81.38,Critical (>15%),8,True,10.62,11881.82,81.38
1070,Wood,Infrastructure,Supplier B,3,1037.97,879,158.97,XL (>800),16.45,17074.61,14459.55,2615.13,15.32,84.68,Critical (>15%),10,True,5.32,908.37,84.68
1058,Concrete,Commercial,Supplier D,1,431.09,399,32.09,Medium (200-500),142.51,61434.64,56861.49,4572.85,7.44,92.56,Low (<8%),8,False,0.0,0.0,92.56
1085,Concrete,Residential,Supplier C,3,746.57,656,90.57,Large (500-800),66.5,49646.91,43624.0,6022.93,12.13,87.87,High (12-15%),8,True,4.13,2050.42,87.87
1027,Asphalt,Infrastructure,Supplier D,3,836.39,713,123.39,XL (>800),185.64,155267.44,132361.32,22906.4,14.75,85.25,High (12-15%),8,True,6.75,10480.55,85.25
1065,Wood,Infrastructure,Supplier B,3,930.16,872,58.16,XL (>800),194.5,180916.12,169604.0,11311.37,6.25,93.75,Low (<8%),10,False,0.0,0.0,93.75
1041,Concrete,Residential,Supplier A,2,228.13,186,42.13,Medium (200-500),189.41,43210.1,35230.26,7979.06,18.47,81.53,Critical (>15%),8,True,10.47,4524.1,81.53
1044,Wood,Infrastructure,Supplier D,4,978.26,808,170.26,XL (>800),100.1,97923.83,80880.8,17043.26,17.4,82.6,Critical (>15%),10,True,7.4,7246.36,82.6
1061,Asphalt,Infrastructure,Supplier D,3,1091.19,948,143.19,XL (>800),173.79,189637.91,164752.92,24884.5,13.12,86.88,High (12-15%),8,True,5.12,9709.46,86.88
1056,Concrete,Residential,Supplier B,4,363.08,292,71.08,Medium (200-500),170.46,61890.62,49774.32,12116.33,19.58,80.42,Critical (>15%),8,True,11.58,7166.93,80.42
1005,Wood,Infrastructure,Supplier B,3,671.06,592,79.06,Large (500-800),70.63,47396.97,41812.96,5584.21,11.78,88.22,Moderate (8-12%),10,True,1.78,843.67,88.22
1027,Concrete,Residential,Supplier D,1,110.97,89,21.97,Small (<200),167.49,18586.37,14906.61,3679.28,19.8,80.2,Critical (>15%),8,True,11.8,2193.19,80.2
1027,Asphalt,Residential,Supplier C,1,329.04,278,51.04,Medium (200-500),17.03,5603.55,4734.34,869.15,15.51,84.49,Critical (>15%),8,True,7.51,420.83,84.49
1043,Wood,Commercial,Supplier D,4,702.63,597,105.63,Large (500-800),123.29,86627.25,73604.13,13023.09,15.03,84.97,Critical (>15%),10,True,5.03,4357.35,84.97
1083,Concrete,Commercial,Supplier B,4,1049.61,969,80.61,XL (>800),53.7,56364.06,52035.3,4328.87,7.68,92.32,Low (<8%),8,False,0.0,0.0,92.32
1029,Asphalt,Infrastructure,Supplier A,4,333.58,272,61.58,Medium (200-500),32.91,10978.12,8951.52,2026.49,18.46,81.54,Critical (>15%),8,True,10.46,1148.31,81.54
1061,Concrete,Infrastructure,Supplier A,2,62.45,55,7.45,Small (<200),24.62,1537.52,1354.1,183.48,11.93,88.07,Moderate (8-12%),8,True,3.93,60.42,88.07
1074,Concrete,Residential,Supplier C,3,401.59,371,30.59,Medium (200-500),142.29,57142.24,52789.59,4352.33,7.62,92.38,Low (<8%),8,False,0.0,0.0,92.38
1091,Steel,Infrastructure,Supplier D,1,544.15,517,27.15,Large (500-800),74.58,40582.71,38557.86,2025.12,4.99,95.01,Low (<8%),8,False,0.0,0.0,95.01
1088,Steel,Residential,Supplier A,2,907.48,781,126.48,XL (>800),147.71,134043.87,115361.51,18682.93,13.94,86.06,High (12-15%),8,True,5.94,7962.21,86.06
1061,Asphalt,Residential,Supplier D,3,143.28,124,19.28,Small (<200),22.42,3212.34,2780.08,432.25,13.46,86.54,High (12-15%),8,True,5.46,175.39,86.54
1096,Steel,Infrastructure,Supplier B,3,63.28,53,10.28,Small (<200),69.91,4423.9,3705.23,718.34,16.24,83.76,Critical (>15%),8,True,8.24,364.53,83.75
1000,Asphalt,Residential,Supplier A,4,1100.33,896,204.33,XL (>800),112.5,123787.12,100800.0,22987.6,18.57,81.43,Critical (>15%),8,True,10.57,13084.3,81.43
1026,Steel,Commercial,Supplier C,4,740.79,695,45.79,Large (500-800),160.24,118704.19,111366.8,7336.99,6.18,93.82,Low (<8%),8,False,0.0,0.0,93.82
1061,Concrete,Infrastructure,Supplier B,4,199.78,167,32.78,Small (<200),70.56,14096.48,11783.52,2313.1,16.41,83.59,Critical (>15%),8,True,8.41,1185.51,83.59
1076,Asphalt,Commercial,Supplier C,1,1011.36,930,81.36,XL (>800),128.92,130384.53,119895.6,10488.75,8.04,91.96,Moderate (8-12%),8,True,0.04,52.15,91.96
1002,Asphalt,Infrastructure,Supplier B,2,800.17,655,145.17,XL (>800),178.34,142702.32,116812.7,25889.83,18.14,81.86,Critical (>15%),8,True,10.14,14470.02,81.86
1069,Concrete,Residential,Supplier A,2,671.24,553,118.24,Large (500-800),127.01,85254.19,70236.53,15017.46,17.61,82.39,Critical (>15%),8,True,9.61,8192.93,82.38
1071,Asphalt,Infrastructure,Supplier C,1,1153.53,996,157.53,XL (>800),54.26,62590.54,54042.96,8547.37,13.66,86.34,High (12-15%),8,True,5.66,3542.62,86.34
1026,Asphalt,Commercial,Supplier C,1,742.65,623,119.65,Large (500-800),14.64,10872.4,9120.72,1751.62,16.11,83.89,Critical (>15%),8,True,8.11,881.75,83.89
1008,Steel,Residential,Supplier B,3,545.31,490,55.31,Large (500-800),175.32,95603.75,85906.8,9696.3,10.14,89.86,Moderate (8-12%),8,True,2.14,2045.92,89.86
1061,Asphalt,Infrastructure,Supplier C,1,278.05,243,35.05,Medium (200-500),14.04,3903.82,3411.72,492.08,12.61,87.39,High (12-15%),8,True,4.61,179.97,87.39
1036,Wood,Infrastructure,Supplier B,3,1088.04,896,192.04,XL (>800),176.19,191701.77,157866.24,33835.06,17.65,82.35,Critical (>15%),10,True,7.65,14665.19,82.35
1096,Concrete,Infrastructure,Supplier B,4,872.38,764,108.38,XL (>800),110.5,96397.99,84422.0,11975.52,12.42,87.58,High (12-15%),8,True,4.42,4260.79,87.58
1050,Steel,Commercial,Supplier B,3,494.61,441,53.61,Medium (200-500),188.42,93194.42,83093.22,10100.78,10.84,89.16,Moderate (8-12%),8,True,2.84,2646.72,89.16
1043,Steel,Commercial,Supplier B,3,86.16,75,11.16,Small (<200),161.77,13938.1,12132.75,1805.87,12.96,87.04,High (12-15%),8,True,4.96,691.33,87.05
1023,Wood,Infrastructure,Supplier A,1,588.37,484,104.37,Large (500-800),199.61,117444.54,96611.24,20834.2,17.74,82.26,Critical (>15%),10,True,7.74,9090.21,82.26
1078,Concrete,Residential,Supplier B,4,247.98,222,25.98,Medium (200-500),76.64,19005.19,17014.08,1991.36,10.48,89.52,Moderate (8-12%),8,True,2.48,471.33,89.52
1058,Concrete,Residential,Supplier D,1,378.58,349,29.58,Medium (200-500),155.77,58971.41,54363.73,4607.45,7.81,92.19,Low (<8%),8,False,0.0,0.0,92.19
1031,Steel,Commercial,Supplier C,4,827.53,694,133.53,XL (>800),86.37,71473.77,59940.78,11532.77,16.14,83.86,Critical (>15%),8,True,8.14,5817.96,83.86
1095,Asphalt,Residential,Supplier D,3,455.7,375,80.7,Medium (200-500),101.18,46107.73,37942.5,8165.06,17.71,82.29,Critical (>15%),8,True,9.71,4477.06,82.29
1087,Steel,Commercial,Supplier A,2,491.19,459,32.19,Medium (200-500),129.23,63476.48,59316.57,4159.72,6.55,93.45,Low (<8%),8,False,0.0,0.0,93.45
1051,Concrete,Infrastructure,Supplier D,1,183.36,167,16.36,Small (<200),176.0,32271.36,29392.0,2879.68,8.92,91.08,Moderate (8-12%),8,True,0.92,296.9,91.08
1061,Wood,Commercial,Supplier C,2,954.38,885,69.38,XL (>800),196.98,187993.77,174327.3,13666.28,7.27,92.73,Low (<8%),10,False,0.0,0.0,92.73
1057,Steel,Commercial,Supplier D,1,935.98,836,99.98,XL (>800),155.97,145984.8,130390.92,15593.23,10.68,89.32,Moderate (8-12%),8,True,2.68,3912.39,89.32
1051,Concrete,Infrastructure,Supplier A,2,881.27,773,108.27,XL (>800),89.38,78767.91,69090.74,9677.55,12.29,87.71,High (12-15%),8,True,4.29,3379.14,87.71
1011,Steel,Residential,Supplier B,3,328.74,274,54.74,Medium (200-500),90.06,29606.32,24676.44,4929.5,16.65,83.35,Critical (>15%),8,True,8.65,2560.95,83.35
1038,Asphalt,Commercial,Supplier D,3,685.71,581,104.71,Large (500-800),150.14,102952.5,87231.34,15721.66,15.27,84.73,Critical (>15%),8,True,7.27,7484.65,84.73
1001,Steel,Commercial,Supplier A,2,190.22,162,28.22,Small (<200),55.37,10532.48,8969.94,1562.44,14.83,85.17,High (12-15%),8,True,6.83,719.37,85.16
1002,Steel,Infrastructure,Supplier A,2,211.77,189,22.77,Medium (200-500),30.99,6562.75,5857.11,705.64,10.75,89.25,Moderate (8-12%),8,True,2.75,180.48,89.25
1055,Concrete,Residential,Supplier C,3,740.72,608,132.72,Large (500-800),77.38,57316.91,47047.04,10269.88,17.92,82.08,Critical (>15%),8,True,9.92,5685.84,82.08
1080,Concrete,Commercial,Supplier C,3,57.21,50,7.21,Small (<200),64.58,3694.62,3229.0,465.81,12.61,87.39,High (12-15%),8,True,4.61,170.32,87.4
1058,Concrete,Infrastructure,Supplier D,1,173.17,139,34.17,Small (<200),66.3,11481.17,9215.7,2265.41,19.73,80.27,Critical (>15%),8,True,11.73,1346.74,80.27
1001,Steel,Commercial,Supplier B,3,827.31,703,124.31,XL (>800),54.39,44997.39,38236.17,6761.24,15.03,84.97,Critical (>15%),8,True,7.03,3163.32,84.97
1001,Asphalt,Infrastructure,Supplier A,4,396.77,369,27.77,Medium (200-500),18.0,7141.86,6642.0,499.83,7.0,93.0,Low (<8%),8,False,0.0,0.0,93.0
1091,Wood,Residential,Supplier D,4,709.96,599,110.96,Large (500-800),13.4,9513.46,8026.6,1486.81,15.63,84.37,Critical (>15%),10,True,5.63,535.61,84.37
1053,Wood,Residential,Supplier A,1,952.23,854,98.23,XL (>800),197.67,188227.3,168810.18,19416.68,10.32,89.68,Moderate (8-12%),10,True,0.32,602.33,89.68
1086,Concrete,Residential,Supplier A,2,1119.59,943,176.59,XL (>800),91.28,102196.18,86077.04,16119.25,15.77,84.23,Critical (>15%),8,True,7.77,7940.64,84.23
1095,Concrete,Residential,Supplier B,4,200.02,188,12.02,Medium (200-500),83.02,16605.66,15607.76,997.78,6.01,93.99,Low (<8%),8,False,0.0,0.0,93.99
1096,Steel,Commercial,Supplier B,3,607.59,560,47.59,Large (500-800),139.13,84534.0,77912.8,6620.74,7.83,92.17,Low (<8%),8,False,0.0,0.0,92.17
1000,Wood,Commercial,Supplier D,4,1119.79,917,202.79,XL (>800),51.47,57635.59,47197.99,10437.72,18.11,81.89,Critical (>15%),10,True,8.11,4674.25,81.89
1018,Concrete,Residential,Supplier B,4,979.32,894,85.32,XL (>800),190.49,186550.67,170298.06,16252.55,8.71,91.29,Moderate (8-12%),8,True,0.71,1324.51,91.29
1001,Asphalt,Residential,Supplier B,2,374.96,308,66.96,Medium (200-500),159.41,59772.37,49098.28,10674.37,17.86,82.14,Critical (>15%),8,True,9.86,5893.56,82.14
1052,Asphalt,Residential,Supplier D,3,798.43,722,76.43,Large (500-800),26.99,21549.63,19486.78,2062.78,9.57,90.43,Moderate (8-12%),8,True,1.57,338.33,90.43
1043,Concrete,Commercial,Supplier B,4,1120.83,951,169.83,XL (>800),89.34,100134.95,84962.34,15172.27,15.15,84.85,Critical (>15%),8,True,7.15,7159.65,84.85
1089,Concrete,Residential,Supplier C,3,878.55,739,139.55,XL (>800),177.03,155529.71,130825.17,24703.73,15.88,84.12,Critical (>15%),8,True,7.88,12255.74,84.12
1031,Wood,Residential,Supplier A,1,68.0,59,9.0,Small (<200),189.5,12886.0,11180.5,1705.37,13.23,86.77,High (12-15%),10,True,3.23,416.22,86.76
1069,Wood,Residential,Supplier A,1,344.43,310,34.43,Medium (200-500),98.81,34033.13,30631.1,3401.96,10.0,90.0,Moderate (8-12%),10,False,0.0,0.0,90.0
1031,Steel,Infrastructure,Supplier A,2,1057.57,968,89.57,XL (>800),126.55,133835.48,122500.4,11334.82,8.47,91.53,Moderate (8-12%),8,True,0.47,629.03,91.53
1067,Wood,Residential,Supplier A,1,738.59,699,39.59,Large (500-800),41.74,30828.75,29176.26,1652.48,5.36,94.64,Low (<8%),10,False,0.0,0.0,94.64
1054,Asphalt,Infrastructure,Supplier D,3,245.48,221,24.48,Medium (200-500),198.32,48683.59,43828.72,4855.75,9.97,90.03,Moderate (8-12%),8,True,1.97,959.07,90.03
1074,Asphalt,Infrastructure,Supplier A,4,1118.06,947,171.06,XL (>800),54.02,60397.6,51156.94,9240.61,15.3,84.7,Critical (>15%),8,True,7.3,4409.02,84.7
1055,Concrete,Residential,Supplier A,2,76.73,62,14.73,Small (<200),189.12,14511.18,11725.44,2786.68,19.2,80.8,Critical (>15%),8,True,11.2,1625.25,80.8
1016,Wood,Infrastructure,Supplier A,1,265.66,217,48.66,Medium (200-500),133.43,35447.01,28954.31,6492.74,18.32,81.68,Critical (>15%),10,True,8.32,2949.19,81.68
1037,Steel,Residential,Supplier A,2,831.42,691,140.42,XL (>800),125.47,104318.27,86699.77,17618.52,16.89,83.11,Critical (>15%),8,True,8.89,9273.89,83.11
1023,Asphalt,Commercial,Supplier C,1,778.96,645,133.96,Large (500-800),107.41,83668.09,69279.45,14388.61,17.2,82.8,Critical (>15%),8,True,9.2,7697.46,82.8
1068,Asphalt,Commercial,Supplier A,4,437.71,370,67.71,Medium (200-500),53.83,23561.93,19917.1,3644.77,15.47,84.53,Critical (>15%),8,True,7.47,1760.08,84.53
1097,Steel,Commercial,Supplier C,4,405.56,368,37.56,Medium (200-500),43.54,17658.08,16022.72,1635.24,9.26,90.74,Moderate (8-12%),8,True,1.26,222.49,90.74
1069,Steel,Commercial,Supplier D,1,815.21,662,153.21,XL (>800),51.89,42301.25,34351.18,7950.2,18.79,81.21,Critical (>15%),8,True,10.79,4564.3,81.21
1085,Asphalt,Infrastructure,Supplier B,2,447.61,378,69.61,Medium (200-500),45.42,20330.45,17168.76,3161.57,15.55,84.45,Critical (>15%),8,True,7.55,1534.95,84.45
1010,Asphalt,Residential,Supplier A,4,969.18,834,135.18,XL (>800),158.12,153246.74,131872.08,21374.9,13.95,86.05,High (12-15%),8,True,5.95,9118.18,86.05
1015,Steel,Residential,Supplier B,3,885.64,826,59.64,XL (>800),76.52,67769.17,63205.52,4563.31,6.73,93.27,Low (<8%),8,False,0.0,0.0,93.27
1096,Asphalt,Residential,Supplier B,2,1093.83,960,133.83,XL (>800),20.99,22959.49,20150.4,2809.19,12.24,87.76,High (12-15%),8,True,4.24,973.48,87.77
1072,Concrete,Commercial,Supplier D,1,1106.67,969,137.67,XL (>800),194.13,214837.85,188111.97,26725.38,12.44,87.56,High (12-15%),8,True,4.44,9538.8,87.56
1058,Concrete,Commercial,Supplier B,4,732.52,599,133.52,Large (500-800),177.92,130329.96,106574.08,23756.72,18.23,81.77,Critical (>15%),8,True,10.23,13332.75,81.77
1069,Steel,Residential,Supplier C,4,542.57,468,74.57,Large (500-800),186.27,101064.51,87174.36,13889.46,13.74,86.26,High (12-15%),8,True,5.74,5801.1,86.26
1079,Wood,Commercial,Supplier B,3,737.58,655,82.58,Large (500-800),199.03,146800.55,130364.65,16436.39,11.2,88.8,Moderate (8-12%),10,True,1.2,1761.61,88.8
1092,Steel,Residential,Supplier B,3,179.33,144,35.33,Small (<200),43.04,7718.36,6197.76,1520.68,19.7,80.3,Critical (>15%),8,True,11.7,903.05,80.3
1002,Steel,Residential,Supplier B,3,928.48,866,62.48,XL (>800),85.29,79190.06,73861.14,5328.65,6.73,93.27,Low (<8%),8,False,0.0,0.0,93.27
1019,Wood,Residential,Supplier A,1,714.74,630,84.74,Large (500-800),154.07,110119.99,97064.1,13056.06,11.86,88.14,Moderate (8-12%),10,True,1.86,2048.23,88.14
1058,Wood,Residential,Supplier A,1,388.43,367,21.43,Medium (200-500),142.24,55250.28,52202.08,3048.86,5.52,94.48,Low (<8%),10,False,0.0,0.0,94.48
1035,Wood,Residential,Supplier C,2,341.42,285,56.42,Medium (200-500),39.24,13397.32,11183.4,2214.1,16.53,83.47,Critical (>15%),10,True,6.53,874.85,83.47
1018,Concrete,Residential,Supplier C,3,1227.45,995,232.45,XL (>800),165.01,202541.52,164184.95,38356.12,18.94,81.06,Critical (>15%),8,True,10.94,22158.04,81.06
1089,Asphalt,Residential,Supplier A,4,423.6,383,40.6,Medium (200-500),52.64,22298.3,20161.12,2137.23,9.58,90.42,Moderate (8-12%),8,True,1.58,352.31,90.42
1066,Concrete,Commercial,Supplier C,3,1141.04,934,207.04,XL (>800),52.53,59938.83,49063.02,10875.72,18.14,81.86,Critical (>15%),8,True,10.14,6077.8,81.86
1018,Asphalt,Residential,Supplier A,4,471.09,425,46.09,Medium (200-500),112.03,52776.21,47612.75,5163.3,9.78,90.22,Moderate (8-12%),8,True,1.78,939.42,90.22
1019,Concrete,Residential,Supplier D,1,625.93,508,117.93,Large (500-800),122.66,76776.57,62311.28,14465.81,18.84,81.16,Critical (>15%),8,True,10.84,8322.58,81.16
1095,Asphalt,Commercial,Supplier B,2,223.35,186,37.35,Medium (200-500),120.22,26851.14,22360.92,4489.9,16.72,83.28,Critical (>15%),8,True,8.72,2341.42,83.28
1070,Concrete,Commercial,Supplier B,4,1185.55,979,206.55,XL (>800),27.38,32460.36,26805.02,5655.36,17.42,82.58,Critical (>15%),8,True,9.42,3057.77,82.58
1051,Wood,Commercial,Supplier C,2,671.14,637,34.14,Large (500-800),176.72,118603.86,112570.64,6033.93,5.09,94.91,Low (<8%),10,False,0.0,0.0,94.91
1032,Steel,Residential,Supplier A,2,740.57,596,144.57,Large (500-800),60.46,44774.86,36034.16,8740.52,19.52,80.48,Critical (>15%),8,True,11.52,5158.06,80.48
1039,Concrete,Infrastructure,Supplier A,2,671.78,562,109.78,Large (500-800),34.61,23250.31,19450.82,3799.41,16.34,83.66,Critical (>15%),8,True,8.34,1939.08,83.66
1038,Asphalt,Infrastructure,Supplier C,1,383.28,345,38.28,Medium (200-500),178.86,68553.46,61706.7,6846.37,9.99,90.01,Moderate (8-12%),8,True,1.99,1364.21,90.01
1081,Wood,Commercial,Supplier A,1,448.66,369,79.66,Medium (200-500),191.57,85949.8,70689.33,15260.34,17.75,82.25,Critical (>15%),10,True,7.75,6661.11,82.24
1000,Concrete,Infrastructure,Supplier D,1,1069.8,967,102.8,XL (>800),173.8,185931.24,168064.6,17865.98,9.61,90.39,Moderate (8-12%),8,True,1.61,2993.49,90.39
1010,Concrete,Commercial,Supplier B,4,760.45,621,139.45,Large (500-800),163.81,124569.31,101726.01,22842.65,18.34,81.66,Critical (>15%),8,True,10.34,12880.47,81.66
1091,Wood,Residential,Supplier C,2,944.89,881,63.89,XL (>800),134.5,127087.7,118494.5,8592.76,6.76,93.24,Low (<8%),10,False,0.0,0.0,93.24
1056,Concrete,Infrastructure,Supplier C,3,473.91,398,75.91,Medium (200-500),114.66,54338.52,45634.68,8704.23,16.02,83.98,Critical (>15%),8,True,8.02,4357.95,83.98
1088,Steel,Residential,Supplier A,2,1029.59,889,140.59,XL (>800),26.53,27315.02,23585.17,3729.75,13.65,86.35,High (12-15%),8,True,5.65,1543.3,86.35
1049,Concrete,Infrastructure,Supplier C,3,885.39,828,57.39,XL (>800),87.61,77569.02,72541.08,5027.6,6.48,93.52,Low (<8%),8,False,0.0,0.0,93.52
1022,Steel,Residential,Supplier D,1,1012.71,922,90.71,XL (>800),80.81,81837.1,74506.82,7329.89,8.96,91.04,Moderate (8-12%),8,True,0.96,785.64,91.04
1030,Steel,Infrastructure,Supplier A,2,292.59,278,14.59,Medium (200-500),59.35,17365.22,16499.3,865.9,4.99,95.01,Low (<8%),8,False,0.0,0.0,95.01
1093,Wood,Residential,Supplier A,1,364.86,319,45.86,Medium (200-500),147.45,53798.61,47036.55,6761.67,12.57,87.43,High (12-15%),10,True,2.57,1382.62,87.43
1041,Concrete,Residential,Supplier A,2,973.69,877,96.69,XL (>800),104.22,101477.97,91400.94,10077.23,9.93,90.07,Moderate (8-12%),8,True,1.93,1958.52,90.07
1098,Wood,Infrastructure,Supplier A,1,990.71,847,143.71,XL (>800),25.4,25164.03,21513.8,3650.28,14.51,85.49,High (12-15%),10,True,4.51,1134.9,85.49
1006,Concrete,Residential,Supplier D,1,377.21,340,37.21,Medium (200-500),51.83,19550.79,17622.2,1928.71,9.87,90.13,Moderate (8-12%),8,True,1.87,365.6,90.14
1015,Concrete,Residential,Supplier A,2,859.13,774,85.13,XL (>800),139.82,120123.56,108220.68,11902.52,9.91,90.09,Moderate (8-12%),8,True,1.91,2294.36,90.09
1089,Asphalt,Residential,Supplier C,1,256.51,214,42.51,Medium (200-500),24.46,6274.23,5234.44,1039.76,16.57,83.43,Critical (>15%),8,True,8.57,537.7,83.43
1059,Concrete,Infrastructure,Supplier D,1,57.22,54,3.22,Small (<200),171.73,9826.39,9273.42,552.96,5.63,94.37,Low (<8%),8,False,0.0,0.0,94.37
1001,Wood,Infrastructure,Supplier B,3,1107.52,900,207.52,XL (>800),104.08,115270.68,93672.0,21598.8,18.74,81.26,Critical (>15%),10,True,8.74,10074.66,81.26
1000,Steel,Residential,Supplier B,3,522.35,428,94.35,Large (500-800),101.31,52919.28,43360.68,9558.98,18.06,81.94,Critical (>15%),8,True,10.06,5323.68,81.94
1047,Concrete,Residential,Supplier C,3,150.31,127,23.31,Small (<200),122.56,18421.99,15565.12,2857.15,15.51,84.49,Critical (>15%),8,True,7.51,1383.49,84.49
1011,Asphalt,Infrastructure,Supplier C,1,536.41,459,77.41,Large (500-800),166.69,89414.18,76510.71,12903.1,14.43,85.57,High (12-15%),8,True,6.43,5749.33,85.57
1068,Wood,Infrastructure,Supplier D,4,765.33,623,142.33,Large (500-800),76.08,58226.31,47397.84,10828.53,18.6,81.4,Critical (>15%),10,True,8.6,5007.46,81.4
1036,Concrete,Residential,Supplier B,4,196.76,181,15.76,Small (<200),138.82,27314.22,25126.42,2187.66,8.01,91.99,Moderate (8-12%),8,True,0.01,2.73,91.99
1031,Wood,Residential,Supplier B,3,692.77,650,42.77,Large (500-800),117.49,81393.55,76368.5,5024.58,6.17,93.83,Low (<8%),10,False,0.0,0.0,93.83
1008,Asphalt,Residential,Supplier B,2,876.13,798,78.13,XL (>800),60.74,53216.14,48470.52,4745.36,8.92,91.08,Moderate (8-12%),8,True,0.92,489.59,91.08
1098,Asphalt,Commercial,Supplier B,2,110.01,91,19.01,Small (<200),176.94,19465.17,16101.54,3363.86,17.28,82.72,Critical (>15%),8,True,9.28,1806.37,82.72
1018,Wood,Infrastructure,Supplier B,3,145.86,138,7.86,Small (<200),161.51,23557.85,22288.38,1268.97,5.39,94.61,Low (<8%),10,False,0.0,0.0,94.61
1047,Concrete,Commercial,Supplier A,2,526.12,451,75.12,Large (500-800),135.11,71084.07,60934.61,10149.35,14.28,85.72,High (12-15%),8,True,6.28,4464.08,85.72
1079,Steel,Infrastructure,Supplier C,4,430.94,345,85.94,Medium (200-500),171.61,73953.61,59205.45,14747.34,19.94,80.06,Critical (>15%),8,True,11.94,8830.06,80.06
1002,Asphalt,Infrastructure,Supplier A,4,1085.59,889,196.59,XL (>800),174.79,189750.28,155388.31,34362.45,18.11,81.89,Critical (>15%),8,True,10.11,19183.75,81.89
1019,Concrete,Infrastructure,Supplier B,4,397.08,344,53.08,Medium (200-500),144.59,57413.8,49738.96,7674.18,13.37,86.63,High (12-15%),8,True,5.37,3083.12,86.63
1023,Concrete,Infrastructure,Supplier D,1,706.71,665,41.71,Large (500-800),169.03,119455.19,112404.95,7050.96,5.9,94.1,Low (<8%),8,False,0.0,0.0,94.1
1053,Steel,Infrastructure,Supplier D,1,699.36,575,124.36,Large (500-800),142.52,99672.79,81949.0,17723.5,17.78,82.22,Critical (>15%),8,True,9.78,9748.0,82.22
1032,Asphalt,Infrastructure,Supplier B,2,993.16,849,144.16,XL (>800),139.23,138277.67,118206.27,20070.92,14.51,85.49,High (12-15%),8,True,6.51,9001.88,85.48
1023,Asphalt,Infrastructure,Supplier B,2,794.01,740,54.01,Large (500-800),127.54,101268.04,94379.6,6888.45,6.8,93.2,Low (<8%),8,False,0.0,0.0,93.2
1074,Concrete,Commercial,Supplier D,1,733.18,686,47.18,Large (500-800),153.02,112191.2,104971.72,7219.06,6.43,93.57,Low (<8%),8,False,0.0,0.0,93.57
1071,Concrete,Residential,Supplier A,2,580.24,471,109.24,Large (500-800),40.13,23285.03,18901.23,4383.67,18.83,81.17,Critical (>15%),8,True,10.83,2521.77,81.17
1035,Steel,Residential,Supplier A,2,1082.03,914,168.03,XL (>800),177.37,191919.66,162116.18,29803.45,15.53,84.47,Critical (>15%),8,True,7.53,14451.55,84.47
1037,Steel,Commercial,Supplier B,3,87.54,72,15.54,Small (<200),175.65,15376.4,12646.8,2729.9,17.75,82.25,Critical (>15%),8,True,9.75,1499.2,82.25
1083,Asphalt,Commercial,Supplier A,4,764.9,624,140.9,Large (500-800),15.56,11901.84,9709.44,2192.35,18.42,81.58,Critical (>15%),8,True,10.42,1240.17,81.58
1098,Wood,Commercial,Supplier D,4,223.56,192,31.56,Medium (200-500),166.91,37314.4,32046.72,5267.02,14.12,85.88,High (12-15%),10,True,4.12,1537.35,85.88
1088,Asphalt,Commercial,Supplier A,4,823.59,714,109.59,XL (>800),34.49,28405.62,24625.86,3779.81,13.31,86.69,High (12-15%),8,True,5.31,1508.34,86.69
1098,Concrete,Infrastructure,Supplier B,4,220.4,194,26.4,Medium (200-500),73.67,16236.87,14291.98,1944.93,11.98,88.02,Moderate (8-12%),8,True,3.98,646.23,88.02
1024,Asphalt,Residential,Supplier D,3,305.07,274,31.07,Medium (200-500),151.27,46147.94,41447.98,4699.76,10.18,89.82,Moderate (8-12%),8,True,2.18,1006.03,89.82
1092,Wood,Infrastructure,Supplier A,1,627.58,552,75.58,Large (500-800),40.54,25442.09,22378.08,3063.99,12.04,87.96,High (12-15%),10,True,2.04,519.02,87.96
1017,Steel,Residential,Supplier C,4,1048.16,870,178.16,XL (>800),165.41,173376.15,143906.7,29468.63,17.0,83.0,Critical (>15%),8,True,9.0,15603.85,83.0
1081,Wood,Residential,Supplier D,4,778.31,665,113.31,Large (500-800),168.11,130841.69,111793.15,19047.84,14.56,85.44,High (12-15%),10,True,4.56,5966.38,85.44
1065,Wood,Commercial,Supplier D,4,187.96,153,34.96,Small (<200),106.42,20002.7,16282.26,3720.57,18.6,81.4,Critical (>15%),10,True,8.6,1720.23,81.4
1053,Wood,Infrastructure,Supplier C,2,1134.12,996,138.12,XL (>800),11.21,12713.49,11165.16,1548.34,12.18,87.82,High (12-15%),10,True,2.18,277.15,87.82
1034,Steel,Commercial,Supplier C,4,103.08,88,15.08,Small (<200),64.54,6652.78,5679.52,973.57,14.63,85.37,High (12-15%),8,True,6.63,441.08,85.37
1079,Wood,Infrastructure,Supplier D,4,1171.56,996,175.56,XL (>800),127.22,149045.86,126711.12,22334.29,14.98,85.02,High (12-15%),10,True,4.98,7422.48,85.01
1060,Wood,Residential,Supplier C,2,288.58,247,41.58,Medium (200-500),196.43,56685.77,48518.21,8167.53,14.41,85.59,High (12-15%),10,True,4.41,2499.84,85.59
1040,Wood,Commercial,Supplier B,3,827.42,695,132.42,XL (>800),130.04,107597.7,90377.8,17219.39,16.0,84.0,Critical (>15%),10,True,6.0,6455.86,84.0
1099,Concrete,Commercial,Supplier B,4,689.22,628,61.22,Large (500-800),59.36,40912.1,37278.08,3634.12,8.88,91.12,Moderate (8-12%),8,True,0.88,360.03,91.12
1032,Wood,Residential,Supplier B,3,507.09,440,67.09,Large (500-800),130.46,66154.96,57402.4,8752.3,13.23,86.77,High (12-15%),10,True,3.23,2136.81,86.77
1067,Steel,Residential,Supplier D,1,244.15,228,16.15,Medium (200-500),112.6,27491.29,25672.8,1818.79,6.62,93.38,Low (<8%),8,False,0.0,0.0,93.39
1032,Wood,Residential,Supplier C,2,679.52,603,76.52,Large (500-800),158.17,107479.68,95376.51,12103.5,11.26,88.74,Moderate (8-12%),10,True,1.26,1354.24,88.74
1013,Wood,Commercial,Supplier C,2,570.32,497,73.32,Large (500-800),30.33,17297.81,15074.01,2223.92,12.86,87.14,High (12-15%),10,True,2.86,494.72,87.14
1020,Steel,Infrastructure,Supplier A,2,648.06,549,99.06,Large (500-800),154.6,100190.08,84875.4,15315.33,15.29,84.71,Critical (>15%),8,True,7.29,7303.86,84.71
1047,Wood,Commercial,Supplier A,1,79.37,64,15.37,Small (<200),112.84,8956.11,7221.76,1733.99,19.36,80.64,Critical (>15%),10,True,9.36,838.29,80.64
1019,Steel,Infrastructure,Supplier C,4,786.33,672,114.33,Large (500-800),192.97,151738.1,129675.84,22061.78,14.54,85.46,High (12-15%),8,True,6.54,9923.67,85.46
1007,Wood,Commercial,Supplier C,2,860.68,718,142.68,XL (>800),74.96,64516.57,53821.28,10695.3,16.58,83.42,Critical (>15%),10,True,6.58,4245.19,83.42
1006,Steel,Commercial,Supplier C,4,389.12,338,51.12,Medium (200-500),130.2,50663.42,44007.6,6656.29,13.14,86.86,High (12-15%),8,True,5.14,2604.1,86.86
1066,Wood,Residential,Supplier D,4,620.18,527,93.18,Large (500-800),187.09,116029.48,98596.43,17433.9,15.03,84.97,Critical (>15%),10,True,5.03,5836.28,84.98
1016,Wood,Infrastructure,Supplier C,2,297.97,280,17.97,Medium (200-500),29.48,8784.16,8254.4,529.82,6.03,93.97,Low (<8%),10,False,0.0,0.0,93.97
1032,Concrete,Commercial,Supplier A,2,1070.05,972,98.05,XL (>800),188.07,201244.3,182804.04,18440.96,9.16,90.84,Moderate (8-12%),8,True,1.16,2334.43,90.84
1047,Concrete,Commercial,Supplier D,1,526.39,469,57.39,Large (500-800),140.7,74063.07,65988.3,8075.03,10.9,89.1,Moderate (8-12%),8,True,2.9,2147.83,89.1
1075,Wood,Residential,Supplier C,2,235.77,206,29.77,Medium (200-500),22.89,5396.78,4715.34,681.36,12.63,87.37,High (12-15%),10,True,2.63,141.94,87.37
1058,Wood,Residential,Supplier A,1,634.42,599,35.42,Large (500-800),67.18,42620.34,40240.82,2379.43,5.58,94.42,Low (<8%),10,False,0.0,0.0,94.42
1085,Asphalt,Infrastructure,Supplier D,3,528.22,490,38.22,Large (500-800),144.55,76354.2,70829.5,5525.04,7.24,92.76,Low (<8%),8,False,0.0,0.0,92.76
1021,Steel,Commercial,Supplier C,4,161.38,146,15.38,Small (<200),22.8,3679.46,3328.8,350.73,9.53,90.47,Moderate (8-12%),8,True,1.53,56.3,90.47
1029,Asphalt,Infrastructure,Supplier C,1,572.38,460,112.38,Large (500-800),120.61,69034.75,55480.6,13554.27,19.63,80.37,Critical (>15%),8,True,11.63,8028.74,80.37
1037,Concrete,Commercial,Supplier C,3,377.3,338,39.3,Medium (200-500),75.72,28569.16,25593.36,2975.72,10.42,89.58,Moderate (8-12%),8,True,2.42,691.37,89.58
1050,Concrete,Infrastructure,Supplier D,1,347.36,303,44.36,Medium (200-500),127.97,44451.66,38774.91,5676.97,12.77,87.23,High (12-15%),8,True,4.77,2120.34,87.23
1053,Concrete,Residential,Supplier A,2,266.86,245,21.86,Medium (200-500),18.69,4987.61,4579.05,408.54,8.19,91.81,Moderate (8-12%),8,True,0.19,9.48,91.81
1007,Concrete,Commercial,Supplier A,2,758.38,647,111.38,Large (500-800),175.59,133163.94,113606.73,19558.08,14.69,85.31,High (12-15%),8,True,6.69,8908.67,85.31
1026,Wood,Infrastructure,Supplier B,3,976.72,883,93.72,XL (>800),194.96,190421.33,172149.68,18271.39,9.6,90.4,Moderate (8-12%),10,False,0.0,0.0,90.4
1026,Concrete,Residential,Supplier C,3,623.19,571,52.19,Large (500-800),194.09,120954.95,110825.39,10129.28,8.37,91.63,Moderate (8-12%),8,True,0.37,447.53,91.63
1097,Wood,Residential,Supplier B,3,652.78,566,86.78,Large (500-800),152.43,99503.26,86275.38,13227.27,13.29,86.71,High (12-15%),10,True,3.29,3273.66,86.71
1020,Wood,Infrastructure,Supplier B,3,718.95,684,34.95,Large (500-800),34.72,24961.94,23748.48,1213.57,4.86,95.14,Low (<8%),10,False,0.0,0.0,95.14
1029,Concrete,Commercial,Supplier A,2,936.92,891,45.92,XL (>800),154.07,144351.26,137276.37,7074.24,4.9,95.1,Low (<8%),8,False,0.0,0.0,95.1
1096,Concrete,Commercial,Supplier D,1,999.75,914,85.75,XL (>800),14.67,14666.33,13408.38,1257.89,8.58,91.42,Moderate (8-12%),8,True,0.58,85.06,91.42
1027,Steel,Residential,Supplier D,1,176.58,167,9.58,Small (<200),14.2,2507.44,2371.4,135.99,5.42,94.58,Low (<8%),8,False,0.0,0.0,94.57
1063,Asphalt,Commercial,Supplier A,4,916.22,855,61.22,XL (>800),71.49,65500.57,61123.95,4376.79,6.68,93.32,Low (<8%),8,False,0.0,0.0,93.32
1096,Concrete,Commercial,Supplier D,1,1070.83,958,112.83,XL (>800),102.84,110124.16,98520.72,11603.0,10.54,89.46,Moderate (8-12%),8,True,2.54,2797.15,89.46
1068,Steel,Commercial,Supplier B,3,251.79,208,43.79,Medium (200-500),156.38,39374.92,32527.04,6847.5,17.39,82.61,Critical (>15%),8,True,9.39,3697.31,82.61
1060,Steel,Residential,Supplier C,4,1006.05,864,142.05,XL (>800),139.83,140675.97,120813.12,19862.85,14.12,85.88,High (12-15%),8,True,6.12,8609.37,85.88
1047,Asphalt,Infrastructure,Supplier A,4,319.25,277,42.25,Medium (200-500),94.72,30239.36,26237.44,4002.09,13.23,86.77,High (12-15%),8,True,5.23,1581.52,86.77
1018,Wood,Commercial,Supplier C,2,1026.65,926,100.65,XL (>800),61.99,63642.03,57402.74,6239.55,9.8,90.2,Moderate (8-12%),10,False,0.0,0.0,90.2
1003,Concrete,Residential,Supplier D,1,327.63,265,62.63,Medium (200-500),199.45,65345.8,52854.25,12492.14,19.12,80.88,Critical (>15%),8,True,11.12,7266.45,80.88
1034,Asphalt,Residential,Supplier C,1,1126.01,997,129.01,XL (>800),90.97,102433.13,90697.09,11736.48,11.46,88.54,Moderate (8-12%),8,True,3.46,3544.19,88.54
1063,Concrete,Infrastructure,Supplier D,1,795.23,745,50.23,Large (500-800),95.76,76151.22,71341.2,4809.72,6.32,93.68,Low (<8%),8,False,0.0,0.0,93.68
1048,Steel,Commercial,Supplier D,1,75.1,64,11.1,Small (<200),41.09,3085.86,2629.76,456.04,14.78,85.22,High (12-15%),8,True,6.78,209.22,85.22
1016,Steel,Commercial,Supplier B,3,220.99,206,14.99,Medium (200-500),161.01,35581.6,33168.06,2413.56,6.78,93.22,Low (<8%),8,False,0.0,0.0,93.22
1043,Wood,Infrastructure,Supplier D,4,779.97,697,82.97,Large (500-800),141.8,110599.75,98834.6,11765.73,10.64,89.36,Moderate (8-12%),10,True,0.64,707.84,89.36
1091,Steel,Infrastructure,Supplier B,3,356.96,310,46.96,Medium (200-500),51.95,18544.07,16104.5,2439.55,13.16,86.84,High (12-15%),8,True,5.16,956.87,86.84
1029,Steel,Residential,Supplier B,3,252.32,206,46.32,Medium (200-500),25.65,6472.01,5283.9,1188.06,18.36,81.64,Critical (>15%),8,True,10.36,670.5,81.64
1092,Asphalt,Residential,Supplier B,2,110.28,96,14.28,Small (<200),139.29,15360.9,13371.84,1988.52,12.95,87.05,High (12-15%),8,True,4.95,760.36,87.05
1045,Concrete,Infrastructure,Supplier A,2,444.04,373,71.04,Medium (200-500),134.36,59661.21,50116.28,9544.73,16.0,84.0,Critical (>15%),8,True,8.0,4772.9,84.0
1005,Concrete,Commercial,Supplier A,2,1114.97,893,221.97,XL (>800),61.92,69038.94,55294.56,13744.2,19.91,80.09,Critical (>15%),8,True,11.91,8222.54,80.09
1098,Asphalt,Residential,Supplier D,3,790.0,734,56.0,Large (500-800),190.66,150621.4,139944.44,10677.46,7.09,92.91,Low (<8%),8,False,0.0,0.0,92.91
1036,Wood,Residential,Supplier B,3,197.79,179,18.79,Small (<200),38.7,7654.47,6927.3,726.99,9.5,90.5,Moderate (8-12%),10,False,0.0,0.0,90.5
1023,Concrete,Commercial,Supplier A,2,519.3,460,59.3,Large (500-800),92.14,47848.3,42384.4,5463.99,11.42,88.58,Moderate (8-12%),8,True,3.42,1636.41,88.58
1092,Steel,Residential,Supplier B,3,163.35,144,19.35,Small (<200),189.29,30920.52,27257.76,3662.51,11.85,88.15,Moderate (8-12%),8,True,3.85,1190.44,88.15
1045,Concrete,Commercial,Supplier C,3,765.37,676,89.37,Large (500-800),89.75,68691.96,60671.0,8020.96,11.68,88.32,Moderate (8-12%),8,True,3.68,2527.86,88.32
1052,Steel,Commercial,Supplier C,4,990.14,804,186.14,XL (>800),131.32,130025.18,105581.28,24444.41,18.8,81.2,Critical (>15%),8,True,10.8,14042.72,81.2
1094,Wood,Commercial,Supplier C,2,1170.14,981,189.14,XL (>800),85.54,100093.78,83914.74,16179.31,16.16,83.84,Critical (>15%),10,True,6.16,6165.78,83.84
1098,Asphalt,Infrastructure,Supplier D,3,399.51,341,58.51,Medium (200-500),62.1,24809.57,21176.1,3633.42,14.65,85.35,High (12-15%),8,True,6.65,1649.84,85.35
1059,Concrete,Infrastructure,Supplier B,4,937.31,843,94.31,XL (>800),196.96,184612.58,166037.28,18575.34,10.06,89.94,Moderate (8-12%),8,True,2.06,3803.02,89.94
1096,Asphalt,Infrastructure,Supplier C,1,1044.69,860,184.69,XL (>800),87.77,91692.44,75482.2,16210.41,17.68,82.32,Critical (>15%),8,True,9.68,8875.83,82.32
1062,Concrete,Commercial,Supplier A,2,412.02,332,80.02,Medium (200-500),179.88,74114.16,59720.16,14393.28,19.42,80.58,Critical (>15%),8,True,11.42,8463.84,80.58
1084,Steel,Commercial,Supplier C,4,143.28,118,25.28,Small (<200),53.69,7692.7,6335.42,1357.3,17.64,82.36,Critical (>15%),8,True,9.64,741.58,82.36
1031,Asphalt,Infrastructure,Supplier C,1,744.67,709,35.67,Large (500-800),50.49,37598.39,35797.41,1801.08,4.79,95.21,Low (<8%),8,False,0.0,0.0,95.21
1086,Concrete,Residential,Supplier C,3,70.64,60,10.64,Small (<200),15.92,1124.59,955.2,169.34,15.06,84.94,Critical (>15%),8,True,7.06,79.4,84.94
1032,Steel,Commercial,Supplier D,1,321.25,303,18.25,Medium (200-500),133.82,42989.68,40547.46,2442.05,5.68,94.32,Low (<8%),8,False,0.0,0.0,94.32
1066,Asphalt,Residential,Supplier A,4,981.46,891,90.46,XL (>800),80.02,78536.43,71297.82,7238.26,9.22,90.78,Moderate (8-12%),8,True,1.22,958.14,90.78
1017,Asphalt,Residential,Supplier B,2,978.01,921,57.01,XL (>800),174.23,170398.68,160465.83,9933.63,5.83,94.17,Low (<8%),8,False,0.0,0.0,94.17
1024,Concrete,Commercial,Supplier A,2,701.28,599,102.28,Large (500-800),99.91,70064.88,59846.09,10219.26,14.59,85.41,High (12-15%),8,True,6.59,4617.28,85.42
1094,Concrete,Commercial,Supplier B,4,217.28,183,34.28,Medium (200-500),193.96,42143.63,35494.68,6648.79,15.78,84.22,Critical (>15%),8,True,7.78,3278.77,84.22
1053,Concrete,Residential,Supplier D,1,816.48,761,55.48,XL (>800),45.25,36945.72,34435.25,2510.24,6.79,93.21,Low (<8%),8,False,0.0,0.0,93.2
1057,Steel,Residential,Supplier D,1,81.13,72,9.13,Small (<200),175.04,14201.0,12602.88,1597.64,11.25,88.75,Moderate (8-12%),8,True,3.25,461.53,88.75
1066,Concrete,Infrastructure,Supplier D,1,986.04,864,122.04,XL (>800),157.55,155350.6,136123.2,19227.03,12.38,87.62,High (12-15%),8,True,4.38,6804.36,87.62
1045,Asphalt,Infrastructure,Supplier D,3,443.91,395,48.91,Medium (200-500),156.48,69463.04,61809.6,7652.68,11.02,88.98,Moderate (8-12%),8,True,3.02,2097.78,88.98
1023,Asphalt,Commercial,Supplier B,2,377.05,351,26.05,Medium (200-500),170.51,64290.8,59849.01,4441.1,6.91,93.09,Low (<8%),8,False,0.0,0.0,93.09
1031,Concrete,Infrastructure,Supplier C,3,467.12,412,55.12,Medium (200-500),154.59,72212.08,63691.08,8521.2,11.8,88.2,Moderate (8-12%),8,True,3.8,2744.06,88.2
1046,Concrete,Infrastructure,Supplier B,4,534.1,445,89.1,Large (500-800),128.98,68888.22,57396.1,11492.74,16.68,83.32,Critical (>15%),8,True,8.68,5979.5,83.32
1085,Wood,Infrastructure,Supplier A,1,284.14,267,17.14,Medium (200-500),34.94,9927.85,9328.98,598.93,6.03,93.97,Low (<8%),10,False,0.0,0.0,93.97
1022,Asphalt,Infrastructure,Supplier D,3,202.55,190,12.55,Medium (200-500),16.18,3277.26,3074.2,203.01,6.19,93.81,Low (<8%),8,False,0.0,0.0,93.8
1065,Steel,Residential,Supplier D,1,745.43,665,80.43,Large (500-800),184.96,137874.73,122998.4,14877.18,10.79,89.21,Moderate (8-12%),8,True,2.79,3846.71,89.21
1026,Wood,Commercial,Supplier A,1,320.73,259,61.73,Medium (200-500),127.16,40784.03,32934.44,7849.76,19.25,80.75,Critical (>15%),10,True,9.25,3772.52,80.75
1001,Concrete,Infrastructure,Supplier B,4,795.46,672,123.46,Large (500-800),161.34,128339.52,108420.48,19918.42,15.52,84.48,Critical (>15%),8,True,7.52,9651.13,84.48
1089,Concrete,Residential,Supplier C,3,788.51,665,123.51,Large (500-800),101.49,80025.88,67490.85,12535.34,15.66,84.34,Critical (>15%),8,True,7.66,6129.98,84.34
1016,Asphalt,Residential,Supplier C,1,984.33,877,107.33,XL (>800),32.29,31784.02,28318.33,3465.71,10.9,89.1,Moderate (8-12%),8,True,2.9,921.74,89.1
1032,Concrete,Residential,Supplier A,2,855.51,732,123.51,XL (>800),33.79,28907.68,24734.28,4173.47,14.44,85.56,High (12-15%),8,True,6.44,1861.65,85.56
1008,Steel,Infrastructure,Supplier C,4,535.48,509,26.48,Large (500-800),140.26,75106.42,71392.34,3714.27,4.95,95.05,Low (<8%),8,False,0.0,0.0,95.05
1042,Asphalt,Infrastructure,Supplier B,2,476.77,405,71.77,Medium (200-500),91.76,43748.42,37162.8,6585.96,15.05,84.95,Critical (>15%),8,True,7.05,3084.26,84.95
1047,Concrete,Commercial,Supplier B,4,459.78,373,86.78,Medium (200-500),48.1,22115.42,17941.3,4174.18,18.87,81.13,Critical (>15%),8,True,10.87,2403.95,81.13
1038,Asphalt,Infrastructure,Supplier A,4,213.4,182,31.4,Medium (200-500),103.4,22065.56,18818.8,3246.52,14.71,85.29,High (12-15%),8,True,6.71,1480.6,85.29
1092,Concrete,Infrastructure,Supplier B,4,1147.58,937,210.58,XL (>800),22.2,25476.28,20801.4,4674.9,18.35,81.65,Critical (>15%),8,True,10.35,2636.79,81.65
1041,Concrete,Residential,Supplier D,1,1020.35,854,166.35,XL (>800),120.57,123023.6,102966.78,20057.37,16.3,83.7,Critical (>15%),8,True,8.3,10210.96,83.7
1025,Concrete,Commercial,Supplier A,2,954.89,889,65.89,XL (>800),61.11,58353.33,54326.79,4026.25,6.9,93.1,Low (<8%),8,False,0.0,0.0,93.1
1098,Steel,Infrastructure,Supplier B,3,216.57,176,40.57,Medium (200-500),161.54,34984.72,28431.04,6553.09,18.73,81.27,Critical (>15%),8,True,10.73,3753.86,81.27
1049,Steel,Infrastructure,Supplier A,2,164.81,155,9.81,Small (<200),68.97,11366.95,10690.35,676.58,5.95,94.05,Low (<8%),8,False,0.0,0.0,94.05
1024,Asphalt,Residential,Supplier C,1,755.39,653,102.39,Large (500-800),96.49,72887.58,63007.97,9879.24,13.55,86.45,High (12-15%),8,True,5.55,4045.26,86.45
1023,Concrete,Residential,Supplier B,4,914.51,848,66.51,XL (>800),12.21,11166.17,10354.08,812.04,7.27,92.73,Low (<8%),8,False,0.0,0.0,92.73
1012,Concrete,Infrastructure,Supplier D,1,449.35,427,22.35,Medium (200-500),23.76,10676.56,10145.52,531.03,4.97,95.03,Low (<8%),8,False,0.0,0.0,95.03
1059,Steel,Commercial,Supplier B,3,1082.22,954,128.22,XL (>800),84.57,91523.35,80679.78,10843.92,11.85,88.15,Moderate (8-12%),8,True,3.85,3523.65,88.15
1006,Concrete,Commercial,Supplier A,2,110.9,100,10.9,Small (<200),101.19,11221.97,10119.0,1103.05,9.83,90.17,Moderate (8-12%),8,True,1.83,205.36,90.17
1056,Steel,Residential,Supplier A,2,89.48,78,11.48,Small (<200),124.0,11095.52,9672.0,1423.72,12.83,87.17,High (12-15%),8,True,4.83,535.91,87.17
1035,Concrete,Residential,Supplier B,4,595.54,511,84.54,Large (500-800),65.42,38960.23,33429.62,5530.6,14.2,85.8,High (12-15%),8,True,6.2,2415.53,85.8
1044,Asphalt,Infrastructure,Supplier D,3,365.27,345,20.27,Medium (200-500),142.05,51886.6,49007.25,2879.07,5.55,94.45,Low (<8%),8,False,0.0,0.0,94.45
1019,Concrete,Residential,Supplier D,1,371.81,346,25.81,Medium (200-500),173.42,64479.29,60003.32,4476.29,6.94,93.06,Low (<8%),8,False,0.0,0.0,93.06
1064,Concrete,Infrastructure,Supplier D,1,900.34,775,125.34,XL (>800),158.17,142406.78,122581.75,19824.96,13.92,86.08,High (12-15%),8,True,5.92,8430.48,86.08
1007,Wood,Commercial,Supplier A,1,926.23,828,98.23,XL (>800),17.53,16236.81,14514.84,1721.95,10.61,89.39,Moderate (8-12%),10,True,0.61,99.04,89.39
1015,Steel,Commercial,Supplier B,3,545.3,456,89.3,Large (500-800),101.3,55238.89,46192.8,9046.15,16.38,83.62,Critical (>15%),8,True,8.38,4629.02,83.62
1013,Concrete,Infrastructure,Supplier C,3,965.61,818,147.61,XL (>800),29.94,28910.36,24490.92,4419.59,15.29,84.71,Critical (>15%),8,True,7.29,2107.57,84.71
1075,Concrete,Residential,Supplier A,2,1052.1,863,189.1,XL (>800),55.99,58907.08,48319.37,10587.78,17.97,82.03,Critical (>15%),8,True,9.97,5873.04,82.03
1086,Wood,Commercial,Supplier D,4,786.79,662,124.79,Large (500-800),197.47,155367.42,130725.14,24641.5,15.86,84.14,Critical (>15%),10,True,5.86,9104.53,84.14
1014,Wood,Residential,Supplier B,3,515.74,454,61.74,Large (500-800),37.07,19118.48,16829.78,2288.62,11.97,88.03,Moderate (8-12%),10,True,1.97,376.63,88.03
1091,Steel,Commercial,Supplier D,1,467.91,395,72.91,Medium (200-500),104.79,49032.29,41392.05,7640.7,15.58,84.42,Critical (>15%),8,True,7.58,3716.65,84.42
1097,Wood,Infrastructure,Supplier C,2,741.51,671,70.51,Large (500-800),127.45,94505.45,85518.95,8986.01,9.51,90.49,Moderate (8-12%),10,False,0.0,0.0,90.49
1065,Asphalt,Infrastructure,Supplier D,3,521.18,469,52.18,Large (500-800),143.47,74773.69,67287.43,7486.58,10.01,89.99,Moderate (8-12%),8,True,2.01,1502.95,89.99
1031,Wood,Infrastructure,Supplier D,4,279.0,231,48.0,Medium (200-500),116.33,32456.07,26872.23,5583.97,17.2,82.8,Critical (>15%),10,True,7.2,2336.84,82.8
1086,Asphalt,Commercial,Supplier C,1,995.73,874,121.73,XL (>800),11.86,11809.36,10365.64,1443.77,12.23,87.77,High (12-15%),8,True,4.23,499.54,87.77
1062,Steel,Residential,Supplier B,3,60.48,50,10.48,Small (<200),72.03,4356.37,3601.5,755.15,17.33,82.67,Critical (>15%),8,True,9.33,406.45,82.67
1085,Steel,Residential,Supplier A,2,1068.75,880,188.75,XL (>800),108.37,115820.44,95365.6,20454.44,17.66,82.34,Critical (>15%),8,True,9.66,11188.25,82.34
1050,Steel,Residential,Supplier B,3,1220.29,999,221.29,XL (>800),26.69,32569.54,26663.31,5906.26,18.13,81.87,Critical (>15%),8,True,10.13,3299.29,81.87
1024,Steel,Commercial,Supplier C,4,759.73,616,143.73,Large (500-800),76.62,58210.51,47197.92,11012.55,18.92,81.08,Critical (>15%),8,True,10.92,6356.59,81.08
1057,Steel,Commercial,Supplier D,1,477.2,420,57.2,Medium (200-500),16.31,7783.13,6850.2,932.98,11.99,88.01,Moderate (8-12%),8,True,3.99,310.55,88.01
1062,Asphalt,Commercial,Supplier B,2,1097.07,985,112.07,XL (>800),24.93,27349.96,24556.05,2793.82,10.22,89.78,Moderate (8-12%),8,True,2.22,607.17,89.78
1061,Asphalt,Commercial,Supplier A,4,1119.78,960,159.78,XL (>800),85.42,95651.61,82003.2,13648.59,14.27,85.73,High (12-15%),8,True,6.27,5997.36,85.73
1021,Steel,Commercial,Supplier C,4,798.21,710,88.21,Large (500-800),35.22,28112.96,25006.2,3106.63,11.05,88.95,Moderate (8-12%),8,True,3.05,857.45,88.95
1057,Wood,Residential,Supplier B,3,561.7,480,81.7,Large (500-800),117.83,66185.11,56558.4,9627.08,14.55,85.45,High (12-15%),10,True,4.55,3011.42,85.45
1057,Concrete,Commercial,Supplier A,2,426.42,358,68.42,Medium (200-500),141.0,60125.22,50478.0,9647.21,16.05,83.95,Critical (>15%),8,True,8.05,4840.08,83.95
1085,Steel,Commercial,Supplier C,4,220.91,186,34.91,Medium (200-500),162.11,35811.72,30152.46,5659.04,15.8,84.2,Critical (>15%),8,True,7.8,2793.31,84.2
1048,Wood,Residential,Supplier A,1,282.35,251,31.35,Medium (200-500),48.03,13561.27,12055.53,1505.86,11.1,88.9,Moderate (8-12%),10,True,1.1,149.17,88.9
1051,Concrete,Commercial,Supplier C,3,525.44,485,40.44,Large (500-800),41.82,21973.9,20282.7,1691.01,7.7,92.3,Low (<8%),8,False,0.0,0.0,92.3
1041,Steel,Residential,Supplier D,1,411.27,362,49.27,Medium (200-500),29.87,12284.63,10812.94,1471.7,11.98,88.02,Moderate (8-12%),8,True,3.98,488.93,88.02
1069,Steel,Residential,Supplier B,3,179.03,166,13.03,Small (<200),130.92,23438.61,21732.72,1706.43,7.28,92.72,Low (<8%),8,False,0.0,0.0,92.72
1014,Asphalt,Infrastructure,Supplier A,4,878.03,715,163.03,XL (>800),144.23,126638.27,103124.45,23514.38,18.57,81.43,Critical (>15%),8,True,10.57,13385.66,81.43
1053,Concrete,Infrastructure,Supplier C,3,1103.51,986,117.51,XL (>800),16.0,17656.16,15776.0,1880.11,10.65,89.35,Moderate (8-12%),8,True,2.65,467.89,89.35
1059,Concrete,Infrastructure,Supplier A,2,920.92,852,68.92,XL (>800),187.88,173022.45,160073.76,12948.68,7.48,92.52,Low (<8%),8,False,0.0,0.0,92.52
1096,Wood,Infrastructure,Supplier A,1,658.38,624,34.38,Large (500-800),19.87,13082.01,12398.88,683.05,5.22,94.78,Low (<8%),10,False,0.0,0.0,94.78
1007,Asphalt,Commercial,Supplier B,2,345.5,293,52.5,Medium (200-500),112.85,38989.67,33065.05,5924.08,15.19,84.81,Critical (>15%),8,True,7.19,2803.36,84.8
1052,Asphalt,Infrastructure,Supplier D,3,689.94,586,103.94,Large (500-800),144.72,99848.12,84805.92,15042.91,15.07,84.93,Critical (>15%),8,True,7.07,7059.26,84.93
1059,Asphalt,Residential,Supplier A,4,727.9,651,76.9,Large (500-800),175.48,127731.89,114237.48,13493.83,10.56,89.44,Moderate (8-12%),8,True,2.56,3269.94,89.44
1004,Asphalt,Commercial,Supplier C,1,131.98,124,7.98,Small (<200),145.68,19226.85,18064.32,1162.3,6.05,93.95,Low (<8%),8,False,0.0,0.0,93.95
1067,Concrete,Infrastructure,Supplier C,3,967.8,855,112.8,XL (>800),162.33,157102.97,138792.15,18310.26,11.65,88.35,Moderate (8-12%),8,True,3.65,5734.26,88.34
1005,Concrete,Residential,Supplier D,1,483.83,435,48.83,Medium (200-500),74.5,36045.34,32407.5,3637.53,10.09,89.91,Moderate (8-12%),8,True,2.09,753.35,89.91
1095,Steel,Commercial,Supplier C,4,1128.52,952,176.52,XL (>800),164.82,186002.67,156908.64,29094.65,15.64,84.36,Critical (>15%),8,True,7.64,14210.6,84.36
1093,Steel,Commercial,Supplier D,1,303.33,259,44.33,Medium (200-500),25.22,7649.98,6531.98,1117.99,14.61,85.39,High (12-15%),8,True,6.61,505.66,85.39
1046,Asphalt,Infrastructure,Supplier C,1,588.41,524,64.41,Large (500-800),180.02,105925.57,94330.48,11594.98,10.95,89.05,Moderate (8-12%),8,True,2.95,3124.8,89.05
1098,Asphalt,Commercial,Supplier B,2,510.7,467,43.7,Large (500-800),114.04,58240.23,53256.68,4983.68,8.56,91.44,Moderate (8-12%),8,True,0.56,326.15,91.44
1054,Asphalt,Residential,Supplier A,4,494.05,396,98.05,Medium (200-500),165.29,81661.52,65454.84,16207.09,19.85,80.15,Critical (>15%),8,True,11.85,9676.89,80.15
1039,Steel,Commercial,Supplier B,3,659.38,578,81.38,Large (500-800),95.94,63260.92,55453.32,7807.85,12.34,87.66,High (12-15%),8,True,4.34,2745.52,87.66
1051,Wood,Residential,Supplier A,1,818.29,689,129.29,XL (>800),132.28,108243.4,91140.92,17103.04,15.8,84.2,Critical (>15%),10,True,5.8,6278.12,84.2
1015,Wood,Commercial,Supplier A,1,1065.17,988,77.17,XL (>800),110.02,117190.0,108699.76,8490.6,7.25,92.75,Low (<8%),10,False,0.0,0.0,92.76
1012,Steel,Infrastructure,Supplier A,2,1061.08,925,136.08,XL (>800),149.0,158100.92,137825.0,20276.53,12.83,87.17,High (12-15%),8,True,4.83,7636.27,87.18
1029,Steel,Residential,Supplier B,3,857.07,812,45.07,XL (>800),25.51,21863.86,20714.12,1149.79,5.26,94.74,Low (<8%),8,False,0.0,0.0,94.74
1018,Steel,Commercial,Supplier A,2,262.45,228,34.45,Medium (200-500),21.47,5634.8,4895.16,739.61,13.13,86.87,High (12-15%),8,True,5.13,289.07,86.87
1016,Steel,Commercial,Supplier B,3,287.09,231,56.09,Medium (200-500),56.95,16349.78,13155.45,3194.19,19.54,80.46,Critical (>15%),8,True,11.54,1886.76,80.46
1062,Steel,Commercial,Supplier D,1,803.44,713,90.44,XL (>800),40.31,32386.67,28741.03,3645.55,11.26,88.74,Moderate (8-12%),8,True,3.26,1055.81,88.74
1018,Steel,Residential,Supplier C,4,78.28,74,4.28,Small (<200),175.64,13749.1,12997.36,751.24,5.46,94.54,Low (<8%),8,False,0.0,0.0,94.53
1091,Asphalt,Residential,Supplier C,1,241.87,229,12.87,Medium (200-500),51.65,12492.59,11827.85,664.62,5.32,94.68,Low (<8%),8,False,0.0,0.0,94.68
1057,Asphalt,Residential,Supplier A,4,855.85,759,96.85,XL (>800),195.41,167241.65,148316.19,18924.75,11.32,88.68,Moderate (8-12%),8,True,3.32,5552.42,88.68
1054,Asphalt,Infrastructure,Supplier B,2,595.1,550,45.1,Large (500-800),74.01,44043.35,40705.5,3338.05,7.58,92.42,Low (<8%),8,False,0.0,0.0,92.42
1089,Asphalt,Infrastructure,Supplier C,1,954.48,905,49.48,XL (>800),44.6,42569.81,40363.0,2206.66,5.18,94.82,Low (<8%),8,False,0.0,0.0,94.82
1089,Steel,Residential,Supplier B,3,252.26,210,42.26,Medium (200-500),160.04,40371.69,33608.4,6763.45,16.75,83.25,Critical (>15%),8,True,8.75,3532.52,83.25
1061,Wood,Commercial,Supplier B,3,258.03,226,32.03,Medium (200-500),135.15,34872.75,30543.9,4328.21,12.41,87.59,High (12-15%),10,True,2.41,840.43,87.59
1022,Concrete,Infrastructure,Supplier A,2,370.02,334,36.02,Medium (200-500),104.66,38726.29,34956.44,3770.02,9.73,90.27,Moderate (8-12%),8,True,1.73,669.96,90.27
1008,Steel,Residential,Supplier C,4,137.76,112,25.76,Small (<200),115.52,15914.04,12938.24,2976.01,18.7,81.3,Critical (>15%),8,True,10.7,1702.8,81.3
1011,Concrete,Commercial,Supplier A,2,763.06,711,52.06,Large (500-800),146.65,111902.75,104268.15,7635.33,6.82,93.18,Low (<8%),8,False,0.0,0.0,93.18
1000,Wood,Infrastructure,Supplier A,1,887.45,715,172.45,XL (>800),53.41,47398.7,38188.15,9210.36,19.43,80.57,Critical (>15%),10,True,9.43,4469.7,80.57
1057,Asphalt,Commercial,Supplier C,1,228.12,205,23.12,Medium (200-500),199.3,45464.32,40856.5,4608.34,10.14,89.86,Moderate (8-12%),8,True,2.14,972.94,89.86
1000,Wood,Commercial,Supplier C,2,1142.97,931,211.97,XL (>800),195.21,223119.17,181740.51,41378.81,18.55,81.45,Critical (>15%),10,True,8.55,19076.69,81.45
1033,Steel,Commercial,Supplier D,1,606.36,518,88.36,Large (500-800),133.56,80985.44,69184.08,11802.01,14.57,85.43,High (12-15%),8,True,6.57,5320.74,85.43
1095,Asphalt,Commercial,Supplier D,3,119.1,98,21.1,Small (<200),47.91,5706.08,4695.18,1011.07,17.72,82.28,Critical (>15%),8,True,9.72,554.63,82.28
1047,Steel,Infrastructure,Supplier B,3,1119.63,898,221.63,XL (>800),139.24,155897.28,125037.52,30859.59,19.79,80.21,Critical (>15%),8,True,11.79,18380.29,80.21
1088,Asphalt,Infrastructure,Supplier C,1,147.32,133,14.32,Small (<200),23.72,3494.43,3154.76,339.71,9.72,90.28,Moderate (8-12%),8,True,1.72,60.1,90.28
1000,Concrete,Infrastructure,Supplier D,1,509.31,410,99.31,Large (500-800),15.82,8057.28,6486.2,1571.13,19.5,80.5,Critical (>15%),8,True,11.5,926.59,80.5
1015,Concrete,Residential,Supplier B,4,832.39,738,94.39,XL (>800),58.96,49077.71,43512.48,5565.09,11.34,88.66,Moderate (8-12%),8,True,3.34,1639.2,88.66
1060,Concrete,Infrastructure,Supplier B,4,222.04,197,25.04,Medium (200-500),97.9,21737.72,19286.3,2451.33,11.28,88.72,Moderate (8-12%),8,True,3.28,713.0,88.72
1063,Wood,Commercial,Supplier B,3,759.17,679,80.17,Large (500-800),174.97,132831.97,118804.63,14028.14,10.56,89.44,Moderate (8-12%),10,True,0.56,743.86,89.44
1062,Steel,Infrastructure,Supplier D,1,452.89,391,61.89,Medium (200-500),148.16,67100.18,57930.56,9169.34,13.67,86.33,High (12-15%),8,True,5.67,3804.58,86.33
1068,Wood,Commercial,Supplier C,2,567.44,525,42.44,Large (500-800),151.11,85745.86,79332.75,6412.39,7.48,92.52,Low (<8%),10,False,0.0,0.0,92.52
1021,Concrete,Residential,Supplier A,2,130.0,112,18.0,Small (<200),90.84,11809.2,10174.08,1635.4,13.85,86.15,High (12-15%),8,True,5.85,690.84,86.15
1092,Steel,Commercial,Supplier B,3,868.76,750,118.76,XL (>800),75.73,65791.19,56797.5,8993.37,13.67,86.33,High (12-15%),8,True,5.67,3730.36,86.33
1066,Concrete,Commercial,Supplier D,1,491.77,409,82.77,Medium (200-500),80.5,39587.48,32924.5,6663.27,16.83,83.17,Critical (>15%),8,True,8.83,3495.57,83.17
